date,bidopen,bidclose,bidhigh,bidlow,askopen,askclose,askhigh,asklow,tickqty
2001-09-15 21:00:00,0.9226,0.9134,0.9331,0.9087,0.923,0.9138,0.9335,0.9091,0
2001-09-22 21:00:00,0.9134,0.9101,0.9247,0.9082,0.9138,0.9105,0.9251,0.9086,0
2001-09-29 21:00:00,0.9101,0.9192,0.923,0.9068,0.9105,0.9196,0.9234,0.9072,0
2001-10-06 21:00:00,0.9192,0.9118,0.924,0.8992,0.9196,0.9122,0.9244,0.8996,0
2001-10-13 21:00:00,0.9118,0.8982,0.9141,0.8967,0.9122,0.8986,0.9145,0.8971,0
2001-10-20 21:00:00,0.8982,0.8929,0.9001,0.887,0.8986,0.8933,0.9005,0.8874,0
2001-10-27 21:00:00,0.8929,0.9014,0.9118,0.8923,0.8933,0.9018,0.9122,0.8927,0
2001-11-03 21:00:00,0.9014,0.8947,0.9046,0.8893,0.9018,0.8951,0.905,0.8897,0
2001-11-10 21:00:00,0.8947,0.8844,0.9014,0.8773,0.8951,0.8848,0.9018,0.8777,0
2001-11-17 21:00:00,0.8844,0.8781,0.8852,0.8737,0.8848,0.8785,0.8856,0.8741,0
2001-11-24 21:00:00,0.8781,0.8964,0.8981,0.877,0.8785,0.8968,0.8985,0.8774,0
2001-12-01 21:00:00,0.8964,0.8896,0.8967,0.8842,0.8968,0.89,0.8971,0.8846,0
2001-12-08 21:00:00,0.8896,0.9033,0.9051,0.8841,0.89,0.9037,0.9055,0.8845,0
2001-12-15 21:00:00,0.9033,0.8888,0.908,0.8854,0.9037,0.8892,0.9084,0.8858,0
2001-12-22 21:00:00,0.8888,0.8843,0.8904,0.874,0.8892,0.8847,0.8908,0.8744,0
2001-12-29 21:00:00,0.8843,0.8946,0.9064,0.8825,0.8847,0.895,0.9068,0.8829,0
2002-01-05 21:00:00,0.8946,0.8925,0.8994,0.8863,0.895,0.8929,0.8998,0.8867,0
2002-01-12 21:00:00,0.8925,0.8844,0.895,0.8792,0.8929,0.8848,0.8954,0.8796,0
2002-01-19 21:00:00,0.8844,0.865,0.8888,0.863,0.8848,0.8654,0.8892,0.8634,0
2002-01-26 21:00:00,0.865,0.8613,0.8671,0.8562,0.8654,0.8617,0.8675,0.8566,0
2002-02-02 21:00:00,0.8613,0.8727,0.8752,0.8604,0.8617,0.8731,0.8756,0.8608,0
2002-02-09 21:00:00,0.8727,0.8733,0.8799,0.8679,0.8731,0.8737,0.8803,0.8683,0
2002-02-16 21:00:00,0.8733,0.8752,0.8781,0.8664,0.8737,0.8756,0.8785,0.8668,0
2002-02-23 21:00:00,0.8752,0.8653,0.876,0.8614,0.8756,0.8657,0.8764,0.8618,0
2002-03-02 21:00:00,0.8653,0.8744,0.8838,0.8632,0.8657,0.8748,0.8842,0.8636,0
2002-03-09 21:00:00,0.8744,0.8823,0.8868,0.8704,0.8748,0.8827,0.8872,0.8708,0
2002-03-16 21:00:00,0.8823,0.8769,0.886,0.8749,0.8827,0.8773,0.8864,0.8753,0
2002-03-23 21:00:00,0.8769,0.8713,0.8794,0.8699,0.8773,0.8717,0.8798,0.8703,0
2002-03-30 21:00:00,0.8713,0.8787,0.8855,0.871,0.8717,0.8791,0.8859,0.8714,0
2002-04-06 21:00:00,0.8787,0.8798,0.8844,0.8734,0.8791,0.8802,0.8848,0.8738,0
2002-04-13 21:00:00,0.8798,0.8908,0.8921,0.8786,0.8802,0.8912,0.8925,0.879,0
2002-04-20 21:00:00,0.8908,0.9013,0.9019,0.8859,0.8912,0.9017,0.9023,0.8863,0
2002-04-27 21:00:00,0.9013,0.9159,0.9172,0.8989,0.9017,0.9163,0.9176,0.8993,0
2002-05-04 21:00:00,0.9159,0.9135,0.9187,0.9035,0.9163,0.9139,0.9191,0.9039,0
2002-05-11 21:00:00,0.9135,0.9205,0.9218,0.8994,0.9139,0.9209,0.9222,0.8998,0
2002-05-18 21:00:00,0.9205,0.9207,0.9276,0.916,0.9209,0.9211,0.928,0.9164,0
2002-05-25 21:00:00,0.9207,0.9328,0.9411,0.9181,0.9211,0.9332,0.9415,0.9185,0
2002-06-01 21:00:00,0.9328,0.9432,0.9487,0.9302,0.9332,0.9436,0.9491,0.9306,0
2002-06-08 21:00:00,0.9432,0.9456,0.9521,0.9385,0.9436,0.946,0.9525,0.9389,0
2002-06-15 21:00:00,0.9456,0.9715,0.9716,0.941,0.946,0.9719,0.972,0.9414,0
2002-06-22 21:00:00,0.9715,0.9906,0.9989,0.9658,0.9719,0.991,0.9993,0.9662,0
2002-06-29 21:00:00,0.9906,0.9729,0.9971,0.9713,0.991,0.9729,0.9975,0.9713,0
2002-07-06 21:00:00,0.9729,0.991,0.9967,0.9724,0.9729,0.991,0.9967,0.9724,0
2002-07-13 21:00:00,0.991,1.0144,1.0204,0.9907,0.991,1.0144,1.0204,0.9907,0
2002-07-20 21:00:00,1.0144,0.9869,1.016,0.9843,1.0144,0.9869,1.016,0.9843,0
2002-07-27 21:00:00,0.9869,0.9864,0.9916,0.9722,0.9869,0.9864,0.9916,0.9722,0
2002-08-03 21:00:00,0.9864,0.9698,0.9876,0.9621,0.9864,0.9698,0.9876,0.9621,0
2002-08-10 21:00:00,0.9698,0.9844,0.9891,0.9692,0.9698,0.9844,0.9891,0.9692,0
2002-08-17 21:00:00,0.9844,0.9724,0.987,0.9662,0.9844,0.9724,0.987,0.9662,0
2002-08-24 21:00:00,0.9724,0.9824,0.9884,0.9684,0.9724,0.9824,0.9884,0.9684,0
2002-08-31 21:00:00,0.9824,0.9818,0.9989,0.9796,0.9824,0.9818,0.9989,0.9796,0
2002-09-07 21:00:00,0.9818,0.9716,0.9837,0.97,0.9818,0.9716,0.9837,0.97,0
2002-09-14 21:00:00,0.9716,0.9814,0.9873,0.9607,0.9716,0.9814,0.9873,0.9607,0
2002-09-21 21:00:00,0.9814,0.9806,0.9856,0.9726,0.9814,0.9806,0.9856,0.9726,0
2002-09-28 21:00:00,0.9806,0.9789,0.9909,0.9779,0.9806,0.9789,0.9909,0.9779,0
2002-10-05 21:00:00,0.9789,0.9864,0.9925,0.9758,0.9789,0.9864,0.9925,0.9758,0
2002-10-12 21:00:00,0.9864,0.9717,0.9891,0.9694,0.9864,0.9717,0.9891,0.9694,0
2002-10-19 21:00:00,0.9717,0.9762,0.9801,0.9684,0.9717,0.9762,0.9801,0.9684,0
2002-10-26 21:00:00,0.9762,0.9965,0.9966,0.9726,0.9762,0.9965,0.9966,0.9726,0
2002-11-02 21:00:00,0.9965,1.0128,1.0146,0.9931,0.9965,1.0128,1.0146,0.9931,0
2002-11-09 21:00:00,1.0128,1.0092,1.0169,1.0011,1.0128,1.0092,1.0169,1.0011,0
2002-11-16 21:00:00,1.0092,0.9969,1.0141,0.9959,1.0092,0.9969,1.0141,0.9959,0
2002-11-23 21:00:00,0.9969,0.9943,0.9969,0.9878,0.9969,0.9943,0.9969,0.9878,0
2002-11-30 21:00:00,0.9943,1.0094,1.0124,0.9858,0.9943,1.0094,1.0124,0.9858,0
2002-12-07 21:00:00,1.0094,1.0226,1.0258,1.0059,1.0094,1.0226,1.0258,1.0059,0
2002-12-14 21:00:00,1.0226,1.0267,1.0333,1.0191,1.0226,1.0267,1.0333,1.0191,0
2002-12-21 21:00:00,1.0267,1.0436,1.0441,1.0213,1.0267,1.0436,1.0441,1.0213,0
2002-12-28 21:00:00,1.0436,1.0415,1.0502,1.0333,1.0436,1.0415,1.0502,1.0333,0
2003-01-04 21:00:00,1.0415,1.0576,1.0583,1.0359,1.0415,1.0576,1.0583,1.0359,0
2003-01-11 21:00:00,1.0576,1.0664,1.0677,1.0502,1.0576,1.0664,1.0677,1.0502,0
2003-01-18 21:00:00,1.0664,1.0827,1.0847,1.0629,1.0664,1.0827,1.0847,1.0629,0
2003-01-25 21:00:00,1.0827,1.0763,1.0905,1.072,1.0827,1.0763,1.0905,1.072,0
2003-02-01 21:00:00,1.0763,1.0826,1.0936,1.0691,1.0763,1.0826,1.0936,1.0691,0
2003-02-08 21:00:00,1.0826,1.0791,1.0857,1.0664,1.0826,1.0791,1.0857,1.0664,0
2003-02-15 21:00:00,1.0791,1.0763,1.0845,1.0664,1.0791,1.0763,1.0845,1.0664,0
2003-02-22 21:00:00,1.0763,1.0798,1.0837,1.0704,1.0763,1.0798,1.0837,1.0704,0
2003-03-01 21:00:00,1.0798,1.1003,1.1064,1.0798,1.0798,1.1003,1.1064,1.0798,0
2003-03-08 21:00:00,1.1003,1.074,1.1083,1.0688,1.1003,1.074,1.1083,1.0688,0
2003-03-15 21:00:00,1.074,1.0522,1.0843,1.0499,1.074,1.0522,1.0843,1.0499,0
2003-03-22 21:00:00,1.0522,1.0779,1.0799,1.0522,1.0522,1.0779,1.0799,1.0522,0
2003-03-29 21:00:00,1.0779,1.0729,1.0957,1.068,1.0779,1.0729,1.0957,1.068,0
2003-04-05 21:00:00,1.0729,1.0751,1.0829,1.0558,1.0729,1.0751,1.0829,1.0558,0
2003-04-12 21:00:00,1.0751,1.088,1.0975,1.0714,1.0751,1.088,1.0975,1.0714,0
2003-04-19 21:00:00,1.088,1.1034,1.1048,1.082,1.088,1.1034,1.1048,1.082,0
2003-04-26 21:00:00,1.1034,1.1227,1.1285,1.0932,1.1034,1.1227,1.1285,1.0932,0
2003-05-03 21:00:00,1.1227,1.1491,1.1535,1.1202,1.1227,1.1491,1.1535,1.1202,0
2003-05-10 21:00:00,1.1491,1.1572,1.1622,1.1368,1.1491,1.1572,1.1622,1.1368,0
2003-05-17 21:00:00,1.1572,1.1827,1.1836,1.1572,1.1572,1.1827,1.1836,1.1572,0
2003-05-24 21:00:00,1.1827,1.1766,1.1933,1.169,1.1827,1.1766,1.1933,1.169,0
2003-05-31 21:00:00,1.1766,1.1699,1.1887,1.1629,1.1766,1.1699,1.1887,1.1629,0
2003-06-07 21:00:00,1.1699,1.1862,1.1876,1.1653,1.1699,1.1862,1.1876,1.1653,0
2003-06-14 21:00:00,1.1862,1.1604,1.1929,1.1549,1.1862,1.1604,1.1929,1.1549,0
2003-06-21 21:00:00,1.1604,1.1426,1.1621,1.1398,1.1604,1.1426,1.1621,1.1398,0
2003-06-28 21:00:00,1.1426,1.1486,1.1608,1.1398,1.1426,1.1486,1.1608,1.1398,0
2003-07-05 21:00:00,1.1486,1.1296,1.1487,1.1257,1.1486,1.1296,1.1487,1.1257,0
2003-07-12 21:00:00,1.1296,1.1273,1.1336,1.1109,1.1296,1.1273,1.1336,1.1109,0
2003-07-19 21:00:00,1.1273,1.1508,1.1548,1.1241,1.1273,1.1508,1.1548,1.1241,0
2003-07-26 21:00:00,1.1508,1.126,1.1539,1.1133,1.1508,1.126,1.1539,1.1133,0
2003-08-02 21:00:00,1.126,1.13,1.1425,1.1258,1.126,1.13,1.1425,1.1258,0
2003-08-09 21:00:00,1.13,1.1255,1.1379,1.1217,1.13,1.1255,1.1379,1.1217,0
2003-08-16 21:00:00,1.1255,1.0889,1.1267,1.0834,1.1255,1.0889,1.1267,1.0834,0
2003-08-23 21:00:00,1.0889,1.0988,1.0997,1.0788,1.0889,1.0988,1.0997,1.0788,0
2003-08-30 21:00:00,1.0988,1.1105,1.1111,1.076,1.0988,1.1105,1.1111,1.076,0
2003-09-06 21:00:00,1.1105,1.1286,1.1323,1.1045,1.1105,1.1286,1.1323,1.1045,0
2003-09-13 21:00:00,1.1286,1.1359,1.1381,1.1136,1.1286,1.1359,1.1381,1.1136,0
2003-09-20 21:00:00,1.1359,1.1477,1.1534,1.1359,1.1359,1.1477,1.1534,1.1359,0
2003-09-27 21:00:00,1.1477,1.1568,1.1766,1.1394,1.1477,1.1568,1.1766,1.1394,0
2003-10-04 21:00:00,1.1568,1.1801,1.1857,1.1532,1.1568,1.1801,1.1857,1.1532,0
2003-10-11 21:00:00,1.1801,1.1672,1.1813,1.1544,1.1801,1.1672,1.1813,1.1544,0
2003-10-18 21:00:00,1.1672,1.1794,1.1855,1.16,1.1672,1.1794,1.1855,1.16,0
2003-10-25 21:00:00,1.1794,1.158,1.1794,1.1563,1.1794,1.158,1.1794,1.1563,0
2003-11-01 21:00:00,1.158,1.1533,1.1617,1.1373,1.158,1.1533,1.1617,1.1373,0
2003-11-08 21:00:00,1.1533,1.178,1.1803,1.1443,1.1533,1.178,1.1803,1.1443,0
2003-11-15 21:00:00,1.178,1.1915,1.1976,1.1726,1.178,1.1915,1.1976,1.1726,0
2003-11-22 21:00:00,1.1915,1.1989,1.2013,1.175,1.1915,1.1989,1.2013,1.175,0
2003-11-29 21:00:00,1.1989,1.2164,1.2176,1.1935,1.1989,1.2164,1.2176,1.1935,0
2003-12-06 21:00:00,1.2164,1.2292,1.2305,1.2112,1.2164,1.2292,1.2305,1.2112,0
2003-12-13 21:00:00,1.2292,1.2376,1.2438,1.2128,1.2292,1.2376,1.2438,1.2128,0
2003-12-20 21:00:00,1.2376,1.2426,1.2468,1.2346,1.2376,1.2426,1.2468,1.2346,0
2003-12-27 21:00:00,1.2426,1.2591,1.2646,1.2424,1.2426,1.2591,1.2646,1.2424,0
2004-01-03 21:00:00,1.2591,1.2841,1.2867,1.2557,1.2591,1.2841,1.2867,1.2557,0
2004-01-10 21:00:00,1.2841,1.2371,1.2896,1.235,1.2841,1.2371,1.2896,1.235,0
2004-01-17 21:00:00,1.2371,1.2586,1.2774,1.2331,1.2371,1.2586,1.2774,1.2331,0
2004-01-24 21:00:00,1.2586,1.2473,1.2663,1.2348,1.2586,1.2473,1.2663,1.2348,0
2004-01-31 21:00:00,1.2473,1.2701,1.2724,1.2389,1.2473,1.2701,1.2724,1.2389,0
2004-02-07 21:00:00,1.2701,1.2739,1.2892,1.2563,1.2701,1.2739,1.2892,1.2563,0
2004-02-14 21:00:00,1.2739,1.2522,1.2927,1.2492,1.2739,1.2522,1.2927,1.2492,0
2004-02-21 21:00:00,1.2522,1.2493,1.2712,1.2369,1.2522,1.2493,1.2712,1.2369,0
2004-02-28 21:00:00,1.2493,1.2373,1.254,1.2055,1.2493,1.2373,1.254,1.2055,0
2004-03-06 21:00:00,1.2373,1.222,1.2456,1.216,1.2373,1.222,1.2456,1.216,0
2004-03-13 21:00:00,1.222,1.2274,1.243,1.217,1.222,1.2274,1.243,1.217,0
2004-03-20 21:00:00,1.2274,1.2124,1.2399,1.2069,1.2274,1.2124,1.2399,1.2069,0
2004-03-27 21:00:00,1.2124,1.2134,1.2387,1.2044,1.2124,1.2134,1.2387,1.2044,0
2004-04-03 21:00:00,1.2134,1.2086,1.2218,1.198,1.2134,1.2086,1.2218,1.198,0
2004-04-10 21:00:00,1.2086,1.1989,1.2098,1.1867,1.2086,1.1989,1.2098,1.1867,0
2004-04-17 21:00:00,1.1989,1.1835,1.2077,1.1776,1.1989,1.1835,1.2081,1.178,38356
2004-04-24 21:00:00,1.1835,1.198,1.2012,1.1758,1.1835,1.1984,1.2016,1.1762,37179
2004-05-01 21:00:00,1.198,1.1886,1.218,1.1874,1.1984,1.189,1.2184,1.1878,36409
2004-05-08 21:00:00,1.1886,1.1879,1.1941,1.1771,1.189,1.1883,1.1945,1.1775,36464
2004-05-15 21:00:00,1.1879,1.1993,1.2067,1.1876,1.1883,1.1993,1.2071,1.188,30197
2004-05-22 21:00:00,1.1993,1.2212,1.2294,1.1931,1.1993,1.2216,1.2298,1.1935,30511
2004-05-29 21:00:00,1.2212,1.2287,1.2306,1.2136,1.2216,1.2291,1.231,1.214,25427
2004-06-05 21:00:00,1.2287,1.2018,1.235,1.1964,1.2291,1.2021,1.2353,1.1967,24041
2004-06-12 21:00:00,1.2018,1.2139,1.2168,1.1952,1.2021,1.2142,1.2171,1.1955,26430
2004-06-19 21:00:00,1.2139,1.2158,1.2191,1.2039,1.2142,1.2161,1.2194,1.2042,26297
2004-06-26 21:00:00,1.2158,1.232,1.2326,1.2065,1.2161,1.2323,1.2329,1.2068,25770
2004-07-03 21:00:00,1.232,1.2411,1.2421,1.2265,1.2323,1.2414,1.2424,1.2268,18258
2004-07-10 21:00:00,1.2411,1.2447,1.246,1.23,1.2414,1.245,1.2463,1.2303,19253
2004-07-17 21:00:00,1.2447,1.2099,1.246,1.2086,1.245,1.2102,1.2463,1.2089,20440
2004-07-24 21:00:00,1.2099,1.2023,1.2188,1.199,1.2102,1.2026,1.2191,1.1993,21439
2004-07-31 21:00:00,1.2023,1.2287,1.2288,1.1967,1.2026,1.2287,1.2291,1.197,20902
2004-08-07 21:00:00,1.2287,1.237,1.2376,1.2175,1.2287,1.2373,1.2379,1.2178,21087
2004-08-14 21:00:00,1.237,1.231,1.2385,1.2276,1.2373,1.2313,1.2388,1.2279,26586
2004-08-21 21:00:00,1.231,1.2009,1.234,1.2004,1.2313,1.2012,1.2343,1.2007,24327
2004-08-28 21:00:00,1.2009,1.206,1.2219,1.1986,1.2012,1.2063,1.2222,1.1989,19630
2004-09-04 21:00:00,1.206,1.2265,1.2308,1.2025,1.2063,1.2268,1.2311,1.2028,18788
2004-09-11 21:00:00,1.2265,1.218,1.2294,1.2119,1.2268,1.2183,1.2297,1.2122,19606
2004-09-18 21:00:00,1.218,1.226,1.2362,1.2124,1.2183,1.2263,1.2365,1.2127,23178
2004-09-25 21:00:00,1.226,1.241,1.2442,1.2246,1.2263,1.2413,1.2445,1.2249,21603
2004-10-02 21:00:00,1.241,1.2407,1.2432,1.2246,1.2413,1.241,1.2435,1.2249,18272
2004-10-09 21:00:00,1.2407,1.2474,1.2505,1.2224,1.241,1.2477,1.2508,1.2227,17959
2004-10-16 21:00:00,1.2474,1.267,1.2681,1.2451,1.2477,1.2673,1.2684,1.2454,20445
2004-10-23 21:00:00,1.267,1.2796,1.2841,1.2629,1.2673,1.2799,1.2844,1.2632,30965
2004-10-30 21:00:00,1.2796,1.2969,1.2969,1.2656,1.2799,1.2972,1.2972,1.2659,35028
2004-11-06 21:00:00,1.2969,1.2976,1.3003,1.2846,1.2972,1.2979,1.3006,1.2849,29041
2004-11-13 21:00:00,1.2976,1.3024,1.3074,1.2916,1.2979,1.3027,1.3077,1.2919,26326
2004-11-20 21:00:00,1.3024,1.3293,1.3329,1.2974,1.3027,1.3296,1.3332,1.2977,24841
2004-11-27 21:00:00,1.3293,1.3455,1.3459,1.3228,1.3296,1.3458,1.3462,1.3231,33014
2004-12-04 21:00:00,1.3455,1.3224,1.3468,1.3138,1.3458,1.3227,1.3471,1.3141,38623
2004-12-11 21:00:00,1.3224,1.3285,1.3441,1.3188,1.3227,1.3288,1.3444,1.3191,37885
2004-12-18 21:00:00,1.3285,1.353,1.3547,1.3285,1.3288,1.3533,1.355,1.3288,28558
2004-12-25 21:00:00,1.353,1.3531,1.3666,1.351,1.3533,1.3534,1.3669,1.3513,27372
2005-01-01 21:00:00,1.3531,1.3043,1.3579,1.3023,1.3534,1.3046,1.3582,1.3026,32418
2005-01-08 21:00:00,1.3043,1.3102,1.3291,1.3043,1.3046,1.3105,1.3294,1.3046,37520
2005-01-15 21:00:00,1.3102,1.3044,1.3127,1.2921,1.3105,1.3047,1.313,1.2924,29488
2005-01-22 21:00:00,1.3044,1.3045,1.3122,1.2944,1.3047,1.3048,1.3125,1.2947,30974
2005-01-29 21:00:00,1.3045,1.2872,1.3092,1.2866,1.3048,1.2875,1.3095,1.2869,25460
2005-02-05 21:00:00,1.2872,1.2866,1.2905,1.273,1.2875,1.2869,1.2908,1.2733,25070
2005-02-12 21:00:00,1.2866,1.3067,1.3088,1.2865,1.2869,1.307,1.3091,1.2868,30710
2005-02-19 21:00:00,1.3067,1.3241,1.3273,1.303,1.307,1.3244,1.3276,1.3033,28893
2005-02-26 21:00:00,1.3241,1.324,1.3278,1.3085,1.3244,1.3243,1.3281,1.3088,29306
2005-03-05 21:00:00,1.324,1.3449,1.3479,1.3174,1.3243,1.3452,1.3482,1.3177,32936
2005-03-12 21:00:00,1.3449,1.3312,1.3477,1.3263,1.3452,1.3315,1.348,1.3266,32063
2005-03-19 21:00:00,1.3312,1.2956,1.3321,1.2927,1.3315,1.2959,1.3324,1.293,30602
2005-03-26 21:00:00,1.2956,1.2907,1.305,1.2855,1.2959,1.291,1.3053,1.2858,35062
2005-04-02 21:00:00,1.2907,1.2927,1.2939,1.28,1.291,1.293,1.2942,1.2803,31764
2005-04-09 21:00:00,1.2927,1.2917,1.3015,1.2767,1.293,1.292,1.3018,1.277,29261
2005-04-16 21:00:00,1.2917,1.3063,1.3124,1.2875,1.292,1.3066,1.3127,1.2878,33261
2005-04-23 21:00:00,1.3063,1.2868,1.3073,1.2852,1.3066,1.2871,1.3076,1.2855,34436
2005-04-30 21:00:00,1.2868,1.2822,1.2987,1.2809,1.2871,1.2825,1.299,1.2812,33697
2005-05-07 21:00:00,1.2822,1.2621,1.2911,1.2609,1.2825,1.2624,1.2914,1.2612,32328
2005-05-14 21:00:00,1.2621,1.2559,1.269,1.2534,1.2624,1.2562,1.2693,1.2537,32103
2005-05-21 21:00:00,1.2559,1.2579,1.2628,1.2492,1.2562,1.2582,1.2631,1.2495,32207
2005-05-28 21:00:00,1.2579,1.2222,1.2579,1.2156,1.2582,1.2225,1.2582,1.2159,41476
2005-06-04 21:00:00,1.2222,1.2119,1.2352,1.2107,1.2225,1.2122,1.2355,1.211,42068
2005-06-11 21:00:00,1.2119,1.2275,1.2283,1.2015,1.2122,1.2278,1.2286,1.2018,41545
2005-06-18 21:00:00,1.2275,1.2101,1.2275,1.198,1.2278,1.2104,1.2278,1.1983,38050
2005-06-25 21:00:00,1.2101,1.1947,1.2184,1.1939,1.2104,1.195,1.2187,1.1942,37243
2005-07-02 21:00:00,1.1947,1.1958,1.204,1.1864,1.195,1.1961,1.2043,1.1867,37768
2005-07-09 21:00:00,1.1958,1.2041,1.2255,1.1956,1.1961,1.2044,1.2258,1.1959,43675
2005-07-16 21:00:00,1.2041,1.206,1.225,1.1951,1.2044,1.2063,1.2253,1.1954,50334
2005-07-23 21:00:00,1.206,1.2123,1.2159,1.1962,1.2063,1.2126,1.2162,1.1965,60151
2005-07-30 21:00:00,1.2123,1.235,1.2402,1.2118,1.2126,1.2353,1.2405,1.2121,53349
2005-08-06 21:00:00,1.235,1.2435,1.2485,1.2314,1.2353,1.2438,1.2488,1.2317,53591
2005-08-13 21:00:00,1.2435,1.2163,1.2463,1.2124,1.2438,1.2166,1.2466,1.2127,58597
2005-08-20 21:00:00,1.2163,1.2283,1.2341,1.2151,1.2166,1.2286,1.2344,1.2154,49716
2005-08-27 21:00:00,1.2283,1.2543,1.2588,1.2169,1.2286,1.2546,1.2591,1.2172,49970
2005-09-03 21:00:00,1.2543,1.2411,1.2585,1.2374,1.2546,1.2414,1.2588,1.2377,47140
2005-09-10 21:00:00,1.2411,1.2232,1.244,1.2193,1.2414,1.2235,1.2443,1.2196,48097
2005-09-17 21:00:00,1.2232,1.2046,1.2268,1.2041,1.2235,1.2049,1.2271,1.2044,34278
2005-09-24 21:00:00,1.2046,1.2018,1.2089,1.1977,1.2049,1.2021,1.2092,1.198,35399
2005-10-01 21:00:00,1.2018,1.2123,1.2203,1.1899,1.2021,1.2126,1.2206,1.1902,41827
2005-10-08 21:00:00,1.2123,1.2083,1.2152,1.1912,1.2126,1.2086,1.2155,1.1915,40586
2005-10-15 21:00:00,1.2083,1.195,1.2121,1.1874,1.2086,1.1953,1.2124,1.1877,44501
2005-10-22 21:00:00,1.195,1.2067,1.2172,1.192,1.1953,1.207,1.2175,1.1923,55211
2005-10-29 21:00:00,1.2067,1.1822,1.2088,1.1803,1.207,1.1825,1.2091,1.1806,58812
2005-11-05 21:00:00,1.1822,1.1727,1.1831,1.167,1.1825,1.173,1.1834,1.1673,63342
2005-11-12 21:00:00,1.1727,1.1765,1.1794,1.164,1.173,1.1765,1.1794,1.164,65102
2005-11-19 21:00:00,1.1765,1.1724,1.186,1.1684,1.1765,1.1727,1.1863,1.1687,59364
2005-11-26 21:00:00,1.1724,1.1718,1.19,1.1659,1.1727,1.1721,1.1903,1.1662,59940
2005-12-03 21:00:00,1.1718,1.1814,1.1849,1.1687,1.1721,1.1817,1.1852,1.169,78241
2005-12-10 21:00:00,1.1814,1.2013,1.206,1.1773,1.1817,1.2016,1.2063,1.1776,75958
2005-12-17 21:00:00,1.2013,1.1873,1.2037,1.1799,1.2016,1.1876,1.204,1.1802,70102
2005-12-24 21:00:00,1.1873,1.1838,1.1931,1.1776,1.1876,1.1841,1.1934,1.1779,47713
2005-12-31 21:00:00,1.1838,1.2152,1.218,1.1835,1.1841,1.2155,1.2183,1.1838,35327
2006-01-07 21:00:00,1.2152,1.2131,1.2162,1.2006,1.2155,1.2134,1.2165,1.2009,52815
2006-01-14 21:00:00,1.2131,1.2136,1.2173,1.204,1.2134,1.2139,1.2176,1.2043,55626
2006-01-21 21:00:00,1.2136,1.21,1.2323,1.2085,1.2139,1.2103,1.2326,1.2088,62549
2006-01-28 21:00:00,1.21,1.2019,1.2188,1.1966,1.2103,1.2022,1.2191,1.1969,51879
2006-02-04 21:00:00,1.2019,1.1894,1.2045,1.189,1.2022,1.1897,1.2048,1.1893,45031
2006-02-11 21:00:00,1.1894,1.1932,1.1954,1.1846,1.1897,1.1935,1.1957,1.1849,41601
2006-02-18 21:00:00,1.1932,1.1867,1.1974,1.1862,1.1935,1.1867,1.1977,1.1863,41657
2006-02-25 21:00:00,1.1867,1.2035,1.2052,1.1825,1.1867,1.2038,1.2055,1.1828,64449
2006-03-04 21:00:00,1.2035,1.1915,1.2093,1.1859,1.2038,1.1915,1.2096,1.1859,80496
2006-03-11 21:00:00,1.1915,1.2192,1.2207,1.1909,1.1915,1.2192,1.2207,1.1909,74589
2006-03-18 21:00:00,1.2192,1.2035,1.2196,1.1951,1.2192,1.2038,1.2199,1.1954,66863
2006-03-25 21:00:00,1.2035,1.2117,1.2175,1.1978,1.2038,1.212,1.2178,1.1981,69375
2006-04-01 21:00:00,1.2117,1.21,1.2331,1.2032,1.212,1.2103,1.2334,1.2035,63173
2006-04-08 21:00:00,1.21,1.2111,1.2167,1.2065,1.2103,1.2114,1.217,1.2068,48539
2006-04-15 21:00:00,1.2111,1.2346,1.2393,1.2111,1.2114,1.2349,1.2396,1.2114,46748
2006-04-22 21:00:00,1.2346,1.2614,1.2633,1.2332,1.2349,1.2617,1.2636,1.2335,53606
2006-04-29 21:00:00,1.2614,1.2727,1.2764,1.2553,1.2617,1.273,1.2767,1.2556,54470
2006-05-06 21:00:00,1.2727,1.2927,1.2956,1.2658,1.273,1.293,1.2959,1.2661,53625
2006-05-13 21:00:00,1.2927,1.2772,1.297,1.2691,1.293,1.2775,1.2973,1.2694,65932
2006-05-20 21:00:00,1.2772,1.2723,1.289,1.2694,1.2775,1.2726,1.2893,1.2697,62367
2006-05-27 21:00:00,1.2723,1.292,1.294,1.2717,1.2726,1.2923,1.2943,1.272,58630
2006-06-03 21:00:00,1.292,1.2639,1.2976,1.2596,1.2923,1.2642,1.2979,1.2599,52049
2006-06-10 21:00:00,1.2639,1.2638,1.2671,1.2529,1.2642,1.2638,1.2671,1.2529,50272
2006-06-17 21:00:00,1.2638,1.2509,1.2679,1.2476,1.2638,1.2509,1.2679,1.2476,51400
2006-06-24 21:00:00,1.2509,1.2789,1.2791,1.25,1.2509,1.2789,1.2791,1.25,53510
2006-07-01 21:00:00,1.2789,1.2814,1.2859,1.2705,1.2789,1.2817,1.2862,1.2708,49346
2006-07-08 21:00:00,1.2814,1.2645,1.2816,1.2626,1.2817,1.2645,1.2817,1.2626,51340
2006-07-15 21:00:00,1.2645,1.2694,1.2695,1.2456,1.2645,1.2694,1.2695,1.2456,58370
2006-07-22 21:00:00,1.2694,1.2747,1.2773,1.2557,1.2694,1.2747,1.2776,1.256,55941
2006-07-29 21:00:00,1.2747,1.2874,1.2908,1.2718,1.2747,1.2874,1.2908,1.2718,53236
2006-08-05 21:00:00,1.2874,1.2729,1.2911,1.2716,1.2874,1.2729,1.2911,1.2716,50384
2006-08-12 21:00:00,1.2729,1.2828,1.2886,1.2693,1.2729,1.2831,1.2889,1.2696,57295
2006-08-19 21:00:00,1.2828,1.2755,1.2938,1.2723,1.2831,1.2758,1.2941,1.2726,61439
2006-08-26 21:00:00,1.2755,1.2836,1.288,1.2748,1.2758,1.2839,1.2883,1.2751,70088
2006-09-02 21:00:00,1.2836,1.2676,1.2873,1.265,1.2839,1.2679,1.2876,1.2653,50556
2006-09-09 21:00:00,1.2676,1.2655,1.2752,1.263,1.2679,1.2658,1.2755,1.2633,55844
2006-09-16 21:00:00,1.2655,1.2785,1.283,1.263,1.2658,1.2788,1.2833,1.2633,67292
2006-09-23 21:00:00,1.2785,1.2678,1.282,1.2638,1.2788,1.2681,1.2823,1.2641,50539
2006-09-30 21:00:00,1.2678,1.2592,1.2765,1.257,1.2681,1.2592,1.2768,1.257,50079
2006-10-07 21:00:00,1.2592,1.2507,1.2613,1.2483,1.2592,1.251,1.2616,1.2486,48052
2006-10-14 21:00:00,1.2507,1.2617,1.2642,1.2489,1.251,1.262,1.2645,1.2492,43657
2006-10-21 21:00:00,1.2617,1.2733,1.275,1.2524,1.262,1.2736,1.2753,1.2527,43144
2006-10-28 21:00:00,1.2733,1.2715,1.2797,1.2677,1.2736,1.2718,1.28,1.268,39965
2006-11-04 21:00:00,1.2715,1.2845,1.2902,1.2689,1.2718,1.2848,1.2905,1.2692,38752
2006-11-11 21:00:00,1.2845,1.2824,1.2877,1.2761,1.2848,1.2827,1.288,1.2764,33940
2006-11-18 21:00:00,1.2824,1.3094,1.3109,1.2795,1.2827,1.3097,1.3112,1.2798,38858
2006-11-25 21:00:00,1.3094,1.3335,1.3348,1.3085,1.3097,1.3338,1.3351,1.3088,54821
2006-12-02 21:00:00,1.3335,1.3202,1.3367,1.3188,1.3338,1.3205,1.337,1.3191,51833
2006-12-09 21:00:00,1.3202,1.3082,1.3292,1.3059,1.3205,1.3085,1.3295,1.3062,51750
2006-12-16 21:00:00,1.3082,1.314,1.3244,1.3051,1.3085,1.3143,1.3247,1.3054,43970
2006-12-23 21:00:00,1.314,1.3201,1.3204,1.3089,1.3143,1.3204,1.3207,1.3092,26804
2006-12-30 21:00:00,1.3201,1.3002,1.3296,1.298,1.3204,1.3002,1.3296,1.298,37579
2007-01-06 21:00:00,1.3002,1.2915,1.3052,1.2864,1.3002,1.2915,1.3052,1.2864,48462
2007-01-13 21:00:00,1.2915,1.296,1.3,1.2896,1.2915,1.296,1.3,1.2896,42170
2007-01-20 21:00:00,1.296,1.2913,1.3043,1.2876,1.296,1.2913,1.3043,1.2876,43664
2007-01-27 21:00:00,1.2913,1.2964,1.3064,1.2897,1.2913,1.2967,1.3067,1.29,41058
2007-02-03 21:00:00,1.2964,1.3005,1.3043,1.2912,1.2967,1.3008,1.3046,1.2915,35659
2007-02-10 21:00:00,1.3005,1.3138,1.3172,1.294,1.3008,1.3141,1.3175,1.2943,41652
2007-02-17 21:00:00,1.3138,1.3164,1.3188,1.308,1.3141,1.3167,1.3191,1.3083,33112
2007-02-24 21:00:00,1.3164,1.3191,1.3258,1.3141,1.3167,1.3194,1.3261,1.3144,45667
2007-03-03 21:00:00,1.3191,1.3113,1.321,1.3071,1.3194,1.3116,1.3213,1.3074,43178
2007-03-10 21:00:00,1.3113,1.3312,1.3338,1.3107,1.3116,1.3315,1.3341,1.311,46832
2007-03-17 21:00:00,1.3312,1.3286,1.341,1.327,1.3315,1.3289,1.3413,1.3273,38937
2007-03-24 21:00:00,1.3286,1.3357,1.3399,1.3253,1.3289,1.336,1.3402,1.3256,41381
2007-03-31 21:00:00,1.3357,1.3373,1.3441,1.3317,1.336,1.3376,1.3444,1.332,30368
2007-04-07 21:00:00,1.3373,1.353,1.3552,1.3339,1.3376,1.3533,1.3555,1.3342,32795
2007-04-14 21:00:00,1.353,1.3592,1.3636,1.3523,1.3533,1.3595,1.3639,1.3526,37064
2007-04-21 21:00:00,1.3592,1.3648,1.3681,1.354,1.3595,1.3651,1.3684,1.3543,38336
2007-04-28 21:00:00,1.3648,1.3595,1.3678,1.3534,1.3651,1.3598,1.3681,1.3537,36159
2007-05-05 21:00:00,1.3595,1.3531,1.3626,1.3461,1.3598,1.3534,1.3629,1.3464,34393
2007-05-12 21:00:00,1.3531,1.351,1.3608,1.3464,1.3534,1.3513,1.3611,1.3467,32483
2007-05-19 21:00:00,1.351,1.3445,1.3529,1.341,1.3513,1.3448,1.3532,1.3413,32175
2007-05-26 21:00:00,1.3445,1.3445,1.3519,1.3391,1.3448,1.3448,1.3522,1.3394,28093
2007-06-02 21:00:00,1.3445,1.3367,1.3553,1.3319,1.3448,1.337,1.3556,1.3322,32843
2007-06-09 21:00:00,1.3367,1.3379,1.3385,1.3262,1.337,1.3382,1.3388,1.3265,30478
2007-06-16 21:00:00,1.3379,1.3464,1.3468,1.3371,1.3382,1.3467,1.3471,1.3374,28233
2007-06-23 21:00:00,1.3464,1.3534,1.3539,1.3414,1.3467,1.3537,1.3542,1.3417,30308
2007-06-30 21:00:00,1.3533,1.3623,1.3658,1.3527,1.3536,1.3626,1.366,1.353,29394
2007-07-07 21:00:00,1.3623,1.3786,1.3813,1.3593,1.3626,1.3789,1.3815,1.3596,35655
2007-07-14 21:00:00,1.3786,1.3825,1.3842,1.3751,1.3789,1.3828,1.3844,1.3754,35188
2007-07-21 21:00:00,1.3825,1.3637,1.3851,1.3629,1.3828,1.3639,1.3853,1.3632,41735
2007-07-28 21:00:00,1.3637,1.3786,1.3819,1.3608,1.3639,1.3789,1.3821,1.3612,42731
2007-08-04 21:00:00,1.3786,1.3695,1.3838,1.364,1.3789,1.3697,1.3842,1.3643,42794
2007-08-11 21:00:00,1.3695,1.349,1.3707,1.3359,1.3697,1.3494,1.371,1.3362,60239
2007-08-18 21:00:00,1.349,1.3666,1.3681,1.3449,1.3494,1.3668,1.3684,1.3452,40243
2007-08-25 21:00:00,1.3666,1.3621,1.3718,1.3562,1.3668,1.3624,1.372,1.3565,37416
2007-09-01 21:00:00,1.3621,1.3767,1.3797,1.355,1.3624,1.3769,1.3799,1.3553,31407
2007-09-08 21:00:00,1.3767,1.3876,1.39262,1.3765,1.3769,1.38789,1.39282,1.3768,62733
2007-09-15 21:00:00,1.3876,1.40891,1.4119,1.38272,1.38789,1.4091,1.4121,1.383,93557
2007-09-22 21:00:00,1.40891,1.4258,1.4277,1.406,1.4091,1.42606,1.42794,1.40628,103525
2007-09-29 21:00:00,1.4258,1.4134,1.42809,1.40325,1.42606,1.4136,1.42849,1.4036,105259
2007-10-06 21:00:00,1.4134,1.41763,1.42401,1.4014,1.4136,1.4179,1.42419,1.40169,103372
2007-10-13 21:00:00,1.41763,1.4294,1.43181,1.4143,1.4179,1.4297,1.4321,1.41458,111274
2007-10-20 21:00:00,1.4294,1.4389,1.43923,1.4125,1.4297,1.4392,1.43948,1.41277,127517
2007-10-27 21:00:00,1.4389,1.4514,1.45272,1.4373,1.4392,1.4516,1.453,1.4376,117377
2007-11-03 22:00:00,1.4514,1.4668,1.4751,1.4443,1.4516,1.46704,1.47538,1.4445,144295
2007-11-10 22:00:00,1.4668,1.4647,1.47242,1.45191,1.46704,1.465,1.4727,1.4522,141568
2007-11-17 22:00:00,1.4647,1.48355,1.4966,1.46201,1.465,1.4838,1.497,1.46229,120051
2007-11-24 22:00:00,1.48355,1.4629,1.49002,1.4628,1.4838,1.4631,1.4902,1.4631,145512
2007-12-01 22:00:00,1.4629,1.4653,1.4769,1.45235,1.4631,1.4655,1.4772,1.4527,123681
2007-12-08 22:00:00,1.4653,1.4422,1.47498,1.441,1.4655,1.4425,1.47519,1.4413,130781
2007-12-15 22:00:00,1.4422,1.43568,1.4452,1.43096,1.4425,1.43589,1.44545,1.43119,107423
2007-12-22 22:00:00,1.43568,1.47147,1.47262,1.43568,1.43589,1.47167,1.47291,1.43589,35512
2007-12-29 22:00:00,1.47147,1.47518,1.48235,1.45803,1.47167,1.47547,1.48261,1.45851,63594
2008-01-05 22:00:00,1.47518,1.47762,1.4818,1.46381,1.47547,1.47782,1.48203,1.46404,98923
2008-01-12 22:00:00,1.47762,1.46154,1.49214,1.45884,1.47782,1.46182,1.49237,1.45907,126813
2008-01-19 22:00:00,1.46154,1.46702,1.47777,1.43645,1.46182,1.46731,1.47803,1.43668,153871
2008-01-26 22:00:00,1.46702,1.47974,1.49414,1.46607,1.46731,1.47997,1.49454,1.46638,128740
2008-02-02 22:00:00,1.47974,1.45108,1.48477,1.44378,1.47997,1.45136,1.48505,1.44414,128351
2008-02-09 22:00:00,1.45108,1.46765,1.4708,1.44808,1.45136,1.4679,1.47105,1.44834,126159
2008-02-16 22:00:00,1.46765,1.48295,1.4862,1.46098,1.4679,1.4832,1.48644,1.46115,175383
2008-02-23 22:00:00,1.48295,1.5179,1.5238,1.47765,1.4832,1.5182,1.52405,1.47795,240673
2008-03-01 22:00:00,1.5179,1.53455,1.54594,1.51441,1.5182,1.53481,1.54626,1.51469,221097
2008-03-08 22:00:00,1.53455,1.5669,1.5687,1.52813,1.53481,1.56719,1.569,1.52838,259668
2008-03-15 21:00:00,1.5669,1.54356,1.5901,1.53956,1.56719,1.54416,1.59072,1.53979,277852
2008-03-22 21:00:00,1.54356,1.58033,1.5857,1.53401,1.54416,1.58063,1.586,1.5343,243133
2008-03-29 21:00:00,1.58033,1.5729,1.58951,1.55093,1.58063,1.5732,1.58977,1.55119,267874
2008-04-05 21:00:00,1.5729,1.58262,1.59122,1.56261,1.5732,1.58295,1.59145,1.56289,231133
2008-04-12 21:00:00,1.58262,1.58082,1.5983,1.56695,1.58295,1.58103,1.59842,1.5673,245999
2008-04-19 21:00:00,1.58082,1.55923,1.60183,1.55541,1.58103,1.55951,1.60204,1.55566,240631
2008-04-26 21:00:00,1.55923,1.54119,1.56924,1.53591,1.55951,1.54144,1.56941,1.53621,201050
2008-05-03 21:00:00,1.54119,1.54808,1.55933,1.52833,1.54144,1.54836,1.55958,1.52843,184387
2008-05-10 21:00:00,1.54808,1.55927,1.56011,1.53656,1.54836,1.55955,1.56026,1.53672,210615
2008-05-17 21:00:00,1.55927,1.57739,1.58129,1.54848,1.55955,1.57764,1.58154,1.54876,183537
2008-05-24 21:00:00,1.57739,1.5556,1.58172,1.54609,1.57764,1.55587,1.58197,1.54634,164337
2008-05-31 21:00:00,1.5556,1.57684,1.57739,1.53636,1.55587,1.57712,1.57764,1.53666,217139
2008-06-07 21:00:00,1.57684,1.53612,1.58426,1.53021,1.57712,1.53632,1.58451,1.53052,245655
2008-06-14 21:00:00,1.53612,1.56246,1.56506,1.53435,1.53632,1.56271,1.5653,1.53459,189816
2008-06-21 21:00:00,1.56246,1.57889,1.57899,1.54669,1.56271,1.57913,1.57924,1.54697,175201
2008-06-28 21:00:00,1.57889,1.56969,1.59081,1.56537,1.57913,1.57009,1.59109,1.56564,180462
2008-07-05 21:00:00,1.56969,1.59217,1.5946,1.561,1.57009,1.59251,1.59489,1.56128,190818
2008-07-12 21:00:00,1.59217,1.58366,1.60369,1.57819,1.59251,1.58389,1.60393,1.57841,216259
2008-07-19 21:00:00,1.58366,1.56976,1.59428,1.56272,1.58389,1.57001,1.59461,1.56297,201643
2008-07-26 21:00:00,1.56976,1.55387,1.57669,1.55117,1.57001,1.55421,1.57694,1.55163,170388
2008-08-02 21:00:00,1.55387,1.50164,1.56299,1.49966,1.55421,1.50189,1.56324,1.49991,190873
2008-08-09 21:00:00,1.50164,1.46716,1.50823,1.46581,1.50189,1.46739,1.50848,1.46605,240719
2008-08-16 21:00:00,1.46716,1.4773,1.4907,1.46292,1.46739,1.47753,1.49093,1.46313,221883
2008-08-23 21:00:00,1.4773,1.4669,1.48103,1.45702,1.47753,1.46708,1.48123,1.45718,225143
2008-08-30 21:00:00,1.4669,1.42333,1.47202,1.41952,1.46708,1.42358,1.47258,1.41973,265281
2008-09-06 21:00:00,1.42333,1.42152,1.44278,1.38812,1.42358,1.42175,1.44298,1.38834,313664
2008-09-13 21:00:00,1.42152,1.4472,1.454,1.40697,1.42175,1.4476,1.4543,1.40753,356781
2008-09-20 21:00:00,1.4472,1.46109,1.48656,1.44354,1.4476,1.46129,1.48677,1.44392,306288
2008-09-27 21:00:00,1.46109,1.38033,1.46109,1.37015,1.46129,1.38056,1.46129,1.3704,349260
2008-10-04 21:00:00,1.38033,1.34114,1.38033,1.3256,1.38056,1.34156,1.38056,1.3262,419671
2008-10-11 21:00:00,1.34114,1.34029,1.3768,1.33451,1.34156,1.34067,1.37704,1.33479,373948
2008-10-18 21:00:00,1.34029,1.2586,1.35296,1.2494,1.34067,1.25891,1.35317,1.24973,409126
2008-10-25 22:00:00,1.2586,1.27378,1.32968,1.23284,1.25891,1.27409,1.32996,1.2331,460291
2008-11-01 22:00:00,1.27378,1.27614,1.31154,1.25254,1.27409,1.27645,1.31179,1.2528,419749
2008-11-08 22:00:00,1.27614,1.26864,1.2926,1.23876,1.27645,1.26907,1.29284,1.23901,425764
2008-11-15 22:00:00,1.26864,1.25764,1.28132,1.24223,1.26907,1.25787,1.28149,1.2425,424726
2008-11-22 22:00:00,1.25764,1.26997,1.30801,1.25622,1.25787,1.27019,1.30824,1.25677,354132
2008-11-29 22:00:00,1.26997,1.27142,1.28471,1.25484,1.27019,1.27168,1.28494,1.25506,363252
2008-12-06 22:00:00,1.27142,1.33731,1.34147,1.27142,1.27168,1.33751,1.34164,1.27168,325191
2008-12-13 22:00:00,1.33731,1.39173,1.47184,1.33642,1.33751,1.39196,1.47209,1.33708,369220
2008-12-20 22:00:00,1.39173,1.40577,1.41238,1.39004,1.39196,1.40607,1.41266,1.39032,140147
2008-12-27 22:00:00,1.40577,1.38497,1.43623,1.38389,1.40607,1.38537,1.43644,1.38416,187566
2009-01-03 22:00:00,1.38497,1.34293,1.39621,1.33114,1.38537,1.34313,1.39653,1.33139,361185
2009-01-10 22:00:00,1.34293,1.32874,1.34722,1.30249,1.34313,1.32912,1.3481,1.30268,370294
2009-01-17 22:00:00,1.32874,1.29837,1.33845,1.2764,1.32912,1.29869,1.33881,1.27659,381145
2009-01-24 22:00:00,1.29837,1.28036,1.33288,1.27764,1.29869,1.28063,1.33306,1.27791,409643
2009-01-31 22:00:00,1.28036,1.29242,1.30698,1.27053,1.28063,1.29273,1.30716,1.27079,385590
2009-02-07 22:00:00,1.29242,1.28868,1.30927,1.27205,1.29273,1.28891,1.30949,1.27229,387680
2009-02-14 22:00:00,1.28868,1.28349,1.28868,1.25122,1.28891,1.28372,1.28891,1.25147,342866
2009-02-21 22:00:00,1.28349,1.26748,1.29906,1.26031,1.28372,1.26776,1.2993,1.26055,368866
2009-02-28 22:00:00,1.26748,1.26363,1.27529,1.24552,1.26776,1.26385,1.27549,1.24576,349404
2009-03-07 21:00:00,1.26363,1.29124,1.29567,1.25551,1.26385,1.29151,1.29584,1.25574,346628
2009-03-14 21:00:00,1.29124,1.35647,1.37369,1.28323,1.29151,1.35678,1.37393,1.28361,350025
2009-03-21 21:00:00,1.35647,1.32972,1.37349,1.3256,1.35678,1.33001,1.3737,1.32578,333156
2009-03-28 21:00:00,1.32972,1.34857,1.35166,1.31115,1.33001,1.34881,1.35184,1.31141,300598
2009-04-04 21:00:00,1.34857,1.3174,1.35807,1.30874,1.34881,1.31782,1.35836,1.30907,243584
2009-04-11 21:00:00,1.3174,1.30243,1.33905,1.30163,1.31782,1.30277,1.33941,1.30192,246204
2009-04-18 21:00:00,1.30243,1.32418,1.33001,1.28845,1.30277,1.32441,1.33024,1.28863,281758
2009-04-25 21:00:00,1.32418,1.32627,1.3385,1.29633,1.32441,1.32656,1.33866,1.2966,322804
2009-05-02 21:00:00,1.32627,1.36258,1.36311,1.32113,1.32656,1.36282,1.36336,1.32138,347651
2009-05-09 21:00:00,1.36258,1.34882,1.3721,1.34609,1.36282,1.34906,1.37236,1.34635,361107
2009-05-16 21:00:00,1.34882,1.40003,1.40497,1.34223,1.34906,1.40039,1.40523,1.34252,375827
2009-05-23 21:00:00,1.40003,1.41358,1.41674,1.37919,1.40039,1.41391,1.41695,1.37942,350256
2009-05-30 21:00:00,1.41358,1.39627,1.43375,1.39315,1.41391,1.39656,1.43399,1.39338,421922
2009-06-06 21:00:00,1.39627,1.39973,1.41771,1.38045,1.39656,1.40007,1.41803,1.38066,372679
2009-06-13 21:00:00,1.39973,1.39433,1.4011,1.37473,1.40007,1.39467,1.40138,1.37498,352134
2009-06-20 21:00:00,1.39433,1.40667,1.41373,1.38254,1.39467,1.40696,1.41394,1.38279,343785
2009-06-27 21:00:00,1.40667,1.39753,1.41999,1.39259,1.40696,1.39796,1.42026,1.3931,297214
2009-07-04 21:00:00,1.39753,1.39472,1.4071,1.38318,1.39796,1.39497,1.40734,1.38342,340209
2009-07-11 21:00:00,1.39472,1.40988,1.41649,1.38962,1.39497,1.41009,1.41676,1.38988,327619
2009-07-18 21:00:00,1.40988,1.42133,1.42901,1.40912,1.41009,1.42162,1.42927,1.40991,299349
2009-07-25 21:00:00,1.42133,1.42511,1.43033,1.40064,1.42162,1.42532,1.43058,1.4009,296173
2009-08-01 21:00:00,1.42511,1.417,1.4446,1.4153,1.42532,1.4173,1.44483,1.41555,315484
2009-08-08 21:00:00,1.417,1.4188,1.43259,1.40853,1.4173,1.4191,1.43284,1.40879,275546
2009-08-15 21:00:00,1.4188,1.4335,1.43752,1.40445,1.4191,1.4337,1.43772,1.40468,275806
2009-08-22 21:00:00,1.4335,1.4299,1.44054,1.42055,1.4337,1.43014,1.44081,1.42075,253809
2009-08-29 21:00:00,1.4299,1.43029,1.43767,1.41762,1.43014,1.43054,1.43789,1.41783,264991
2009-09-05 21:00:00,1.43029,1.45816,1.46342,1.42969,1.43054,1.45838,1.46363,1.43016,264110
2009-09-12 21:00:00,1.45816,1.4701,1.47661,1.45145,1.45838,1.4704,1.47684,1.4517,279040
2009-09-19 21:00:00,1.4701,1.46684,1.48431,1.46105,1.4704,1.46705,1.48454,1.46127,287322
2009-09-26 21:00:00,1.46684,1.45731,1.47189,1.44799,1.46705,1.4575,1.47217,1.44826,317939
2009-10-03 21:00:00,1.45731,1.47106,1.48162,1.45731,1.4575,1.47128,1.48187,1.4575,287243
2009-10-10 21:00:00,1.47106,1.48933,1.49666,1.46755,1.47128,1.48958,1.49684,1.4678,298226
2009-10-17 21:00:00,1.48933,1.49959,1.50594,1.48275,1.48958,1.49982,1.50614,1.483,321575
2009-10-24 21:00:00,1.49959,1.47115,1.5062,1.46822,1.49982,1.47142,1.5064,1.46844,332686
2009-10-31 22:00:00,1.47115,1.48446,1.49168,1.46255,1.47142,1.48471,1.49195,1.46278,309699
2009-11-07 22:00:00,1.48446,1.49201,1.50471,1.48203,1.48471,1.49229,1.50494,1.48228,277370
2009-11-14 22:00:00,1.49201,1.48605,1.50144,1.47997,1.49229,1.48628,1.50169,1.48023,293319
2009-11-21 22:00:00,1.48605,1.49663,1.51431,1.48272,1.48628,1.4969,1.51455,1.48297,289856
2009-11-28 22:00:00,1.49663,1.48455,1.51401,1.4821,1.4969,1.48484,1.51427,1.48228,290285
2009-12-05 22:00:00,1.48455,1.46271,1.49042,1.4585,1.48484,1.46294,1.49059,1.45873,326700
2009-12-12 22:00:00,1.46271,1.43334,1.46844,1.42603,1.46294,1.43355,1.46867,1.42627,292476
2009-12-19 22:00:00,1.43334,1.43627,1.44168,1.42163,1.43355,1.43657,1.4419,1.42188,144988
2009-12-26 22:00:00,1.43627,1.43313,1.44571,1.42723,1.43657,1.43336,1.44596,1.42749,118402
2010-01-02 22:00:00,1.43313,1.4414,1.44832,1.42564,1.43336,1.4416,1.44849,1.42591,287957
2010-01-09 22:00:00,1.4414,1.43787,1.45781,1.43355,1.4416,1.43804,1.45804,1.4338,288456
2010-01-16 22:00:00,1.43787,1.41567,1.4413,1.40281,1.43804,1.41594,1.44154,1.40305,297649
2010-01-23 22:00:00,1.41567,1.38635,1.41931,1.38615,1.41594,1.38658,1.41951,1.3864,336663
2010-01-30 22:00:00,1.38635,1.36625,1.4025,1.35845,1.38658,1.36648,1.40274,1.35868,328883
2010-02-06 22:00:00,1.36625,1.36165,1.38381,1.35309,1.36648,1.36187,1.38404,1.3533,358605
2010-02-13 22:00:00,1.36165,1.3594,1.37875,1.34439,1.36187,1.35964,1.37899,1.3446,285122
2010-02-20 22:00:00,1.3594,1.36145,1.36913,1.34504,1.35964,1.3617,1.36945,1.34528,324579
2010-02-27 22:00:00,1.36145,1.36194,1.37351,1.34339,1.3617,1.36217,1.3737,1.34368,332083
2010-03-06 22:00:00,1.36194,1.37605,1.37951,1.35365,1.36217,1.3763,1.37975,1.35387,279714
2010-03-13 22:00:00,1.37605,1.35345,1.38172,1.3502,1.3763,1.35367,1.38194,1.3504,252937
2010-03-20 21:00:00,1.35345,1.34214,1.35682,1.32666,1.35367,1.34235,1.35704,1.32691,307774
2010-03-27 21:00:00,1.34214,1.34889,1.35899,1.33834,1.34235,1.3492,1.35934,1.33855,230849
2010-04-03 21:00:00,1.34889,1.3495,1.3537,1.32813,1.3492,1.34975,1.35394,1.32837,247143
2010-04-10 21:00:00,1.3495,1.35071,1.36909,1.34714,1.34975,1.35099,1.36933,1.34737,319316
2010-04-17 21:00:00,1.35071,1.33722,1.35216,1.3201,1.35099,1.33752,1.35239,1.32034,291063
2010-04-24 21:00:00,1.33722,1.33151,1.34149,1.31134,1.33752,1.33174,1.34174,1.31157,369553
2010-05-01 21:00:00,1.33151,1.27291,1.33593,1.25125,1.33174,1.27318,1.33666,1.25186,494110
2010-05-08 21:00:00,1.27291,1.23806,1.30933,1.23575,1.27318,1.23829,1.30957,1.23598,519459
2010-05-15 21:00:00,1.23806,1.25689,1.26711,1.2143,1.23829,1.25712,1.26739,1.21451,597025
2010-05-22 21:00:00,1.25689,1.22669,1.25689,1.21524,1.25712,1.22699,1.25712,1.2155,496132
2010-05-29 21:00:00,1.22669,1.19663,1.23529,1.19542,1.22699,1.19663,1.23529,1.19542,408120
2010-06-05 21:00:00,1.19663,1.20958,1.21515,1.18754,1.19663,1.20958,1.21515,1.18754,436161
2010-06-12 21:00:00,1.20958,1.23759,1.24156,1.20958,1.20958,1.23759,1.24156,1.20958,443447
2010-06-19 21:00:00,1.23759,1.23908,1.24663,1.22081,1.23759,1.23941,1.24723,1.22108,383350
2010-06-26 21:00:00,1.23908,1.25485,1.26105,1.21505,1.23941,1.25512,1.26128,1.21529,410590
2010-07-03 21:00:00,1.25485,1.26406,1.27215,1.24791,1.25512,1.26431,1.27235,1.24816,326069
2010-07-10 21:00:00,1.26406,1.29272,1.30062,1.25215,1.26431,1.29297,1.30085,1.25236,394278
2010-07-17 21:00:00,1.29272,1.2912,1.30274,1.27315,1.29297,1.29147,1.30297,1.27338,475878
2010-07-24 21:00:00,1.2912,1.30355,1.31062,1.28753,1.29147,1.30384,1.31082,1.2879,433474
2010-07-31 21:00:00,1.30355,1.32899,1.33334,1.30355,1.30384,1.32924,1.3335,1.30384,375373
2010-08-07 21:00:00,1.32899,1.27506,1.33068,1.27503,1.32924,1.27534,1.33088,1.27533,419287
2010-08-14 21:00:00,1.27506,1.27057,1.29212,1.26626,1.27534,1.2708,1.29236,1.26648,423291
2010-08-21 21:00:00,1.27057,1.27315,1.27784,1.25861,1.2708,1.27344,1.27809,1.25887,423944
2010-08-28 21:00:00,1.27315,1.2894,1.28962,1.26245,1.27344,1.28965,1.28987,1.26268,333621
2010-09-04 21:00:00,1.2894,1.27076,1.29181,1.26427,1.28965,1.271,1.29197,1.26454,412562
2010-09-11 21:00:00,1.27076,1.30363,1.31585,1.27019,1.271,1.30392,1.31606,1.2706,515042
2010-09-18 21:00:00,1.30363,1.34905,1.34931,1.30281,1.30392,1.3493,1.3495,1.30304,556928
2010-09-25 21:00:00,1.34905,1.37765,1.37819,1.33797,1.3493,1.37795,1.37846,1.33815,633779
2010-10-02 21:00:00,1.37765,1.39249,1.40282,1.36363,1.37795,1.3928,1.40307,1.36387,720858
2010-10-09 21:00:00,1.39249,1.39713,1.41576,1.37742,1.3928,1.39742,1.41611,1.37765,694668
2010-10-16 21:00:00,1.39713,1.39273,1.40493,1.36963,1.39742,1.39295,1.40516,1.36991,671149
2010-10-23 21:00:00,1.39273,1.39164,1.40791,1.37328,1.39295,1.392,1.40814,1.37353,555451
2010-10-30 21:00:00,1.39164,1.40319,1.42811,1.38629,1.392,1.4035,1.42834,1.38653,499932
2010-11-06 22:00:00,1.40319,1.36912,1.40319,1.35725,1.4035,1.3694,1.4035,1.3575,130355
2010-11-13 22:00:00,1.36912,1.36845,1.37499,1.34456,1.3694,1.36872,1.37523,1.34481,497476
2010-11-20 22:00:00,1.36845,1.32467,1.37851,1.31993,1.36872,1.32501,1.37877,1.32018,499416
2010-11-27 22:00:00,1.32467,1.34098,1.34159,1.29676,1.32501,1.34127,1.34189,1.29702,566120
2010-12-04 22:00:00,1.34098,1.3227,1.34214,1.3163,1.34127,1.32295,1.34238,1.31656,501394
2010-12-11 22:00:00,1.3227,1.31838,1.34972,1.3132,1.32295,1.31862,1.34997,1.31346,467778
2010-12-18 22:00:00,1.31838,1.31146,1.3201,1.30541,1.31862,1.31178,1.3203,1.30569,315280
2010-12-25 22:00:00,1.31146,1.33903,1.3423,1.3071,1.31178,1.33936,1.3426,1.30743,275492
2011-01-01 22:00:00,1.33903,1.29099,1.34329,1.29044,1.33936,1.29125,1.34341,1.2907,435094
2011-01-08 22:00:00,1.29099,1.33727,1.34559,1.28723,1.29125,1.33749,1.3458,1.28749,548606
2011-01-15 22:00:00,1.33727,1.36138,1.36238,1.32523,1.33749,1.36162,1.36261,1.32548,419239
2011-01-22 22:00:00,1.36138,1.36074,1.37571,1.35391,1.36162,1.36099,1.37596,1.35418,522937
2011-01-29 22:00:00,1.36074,1.35796,1.38607,1.35423,1.36099,1.35831,1.38631,1.35449,507087
2011-02-05 22:00:00,1.35796,1.35463,1.37431,1.34961,1.35831,1.3549,1.37457,1.34986,574644
2011-02-12 22:00:00,1.35463,1.36846,1.37141,1.34271,1.3549,1.36885,1.37168,1.34299,492832
2011-02-19 22:00:00,1.36846,1.37491,1.3837,1.3524,1.36885,1.37521,1.38395,1.35261,485982
2011-02-26 22:00:00,1.37491,1.39831,1.40062,1.37103,1.37521,1.3986,1.4009,1.37127,422243
2011-03-05 22:00:00,1.39831,1.3902,1.4035,1.37509,1.3986,1.3905,1.40373,1.37536,524935
2011-03-12 21:00:00,1.3902,1.41709,1.41825,1.38544,1.3905,1.41744,1.41851,1.38569,612490
2011-03-19 21:00:00,1.41709,1.40731,1.42471,1.40522,1.41744,1.40758,1.42497,1.40551,462161
2011-03-26 21:00:00,1.40731,1.42266,1.42445,1.40197,1.40758,1.42295,1.42471,1.40223,443261
2011-04-02 21:00:00,1.42266,1.44839,1.44864,1.41504,1.42295,1.44882,1.44904,1.41529,444686
2011-04-09 21:00:00,1.44839,1.44222,1.45193,1.43641,1.44882,1.4425,1.45221,1.43667,470232
2011-04-16 21:00:00,1.44222,1.45453,1.46474,1.41558,1.4425,1.45487,1.46498,1.41586,448602
2011-04-23 21:00:00,1.45453,1.48134,1.48809,1.44921,1.45487,1.48161,1.4883,1.44952,410903
2011-04-30 21:00:00,1.48134,1.43508,1.49389,1.43143,1.48161,1.43519,1.49462,1.43169,642285
2011-05-07 21:00:00,1.43508,1.40992,1.4441,1.40649,1.43519,1.41017,1.44434,1.40679,751268
2011-05-14 21:00:00,1.40992,1.41539,1.43443,1.4047,1.41017,1.4159,1.43467,1.405,720974
2011-05-21 21:00:00,1.41539,1.42816,1.43016,1.39682,1.4159,1.42844,1.43038,1.39705,425713
2011-05-28 21:00:00,1.42816,1.46333,1.46414,1.42556,1.42844,1.46386,1.46441,1.42583,612456
2011-06-04 21:00:00,1.46333,1.43321,1.46952,1.43211,1.46386,1.43344,1.46975,1.43239,663783
2011-06-11 21:00:00,1.43321,1.43019,1.44963,1.40724,1.43344,1.43053,1.44987,1.40747,756528
2011-06-18 21:00:00,1.43019,1.41854,1.44407,1.41252,1.43053,1.41882,1.44433,1.41279,685968
2011-06-25 21:00:00,1.41854,1.45263,1.45511,1.41015,1.41882,1.4529,1.45533,1.41042,680907
2011-07-02 21:00:00,1.45263,1.42564,1.45769,1.42045,1.4529,1.42589,1.45793,1.42071,572921
2011-07-09 21:00:00,1.42564,1.41576,1.42811,1.38363,1.42589,1.41606,1.42836,1.38387,821749
2011-07-16 21:00:00,1.41576,1.43633,1.44364,1.40129,1.41606,1.43663,1.44402,1.40156,648681
2011-07-23 21:00:00,1.43633,1.43712,1.4535,1.4228,1.43663,1.43745,1.45374,1.4231,604719
2011-07-30 21:00:00,1.43712,1.42809,1.44528,1.40545,1.43745,1.4282,1.44552,1.40568,872211
2011-08-06 21:00:00,1.42809,1.42473,1.443,1.4102,1.4282,1.42515,1.4434,1.41049,952891
2011-08-13 21:00:00,1.42473,1.43928,1.45162,1.4242,1.42515,1.43959,1.45188,1.42515,641478
2011-08-20 21:00:00,1.43928,1.44953,1.45005,1.43264,1.43959,1.44981,1.4503,1.43292,562111
2011-08-27 21:00:00,1.44953,1.41926,1.45481,1.41827,1.44981,1.41955,1.45508,1.41853,519723
2011-09-03 21:00:00,1.41926,1.3662,1.42852,1.36259,1.41955,1.36649,1.4289,1.36284,734278
2011-09-10 21:00:00,1.3662,1.37835,1.39357,1.34935,1.36649,1.37907,1.39384,1.34959,885641
2011-09-17 21:00:00,1.37835,1.35039,1.37955,1.33835,1.37907,1.35072,1.38016,1.33859,941700
2011-09-24 21:00:00,1.35039,1.33929,1.3689,1.33613,1.35072,1.33952,1.36914,1.33637,919945
2011-10-01 21:00:00,1.33929,1.33913,1.35235,1.31443,1.33952,1.33945,1.35259,1.31467,882340
2011-10-08 21:00:00,1.33913,1.38824,1.38931,1.33766,1.33945,1.3883,1.38954,1.33793,746868
2011-10-15 21:00:00,1.38824,1.38901,1.39132,1.36516,1.3883,1.38934,1.39157,1.36541,744375
2011-10-22 21:00:00,1.38901,1.41551,1.42464,1.37969,1.38934,1.41574,1.42487,1.37996,758515
2011-10-29 21:00:00,1.41551,1.37719,1.41714,1.36072,1.41574,1.37723,1.41729,1.36098,827629
2011-11-05 22:00:00,1.37719,1.37543,1.38578,1.34824,1.37723,1.37543,1.38606,1.34851,740987
2011-11-12 22:00:00,1.37543,1.3509,1.38083,1.34202,1.37543,1.35116,1.38167,1.34229,745834
2011-11-19 22:00:00,1.3509,1.32305,1.35676,1.32112,1.35116,1.32338,1.35702,1.32138,622176
2011-11-26 22:00:00,1.32305,1.34046,1.35485,1.32305,1.32338,1.34068,1.35522,1.32338,635856
2011-12-03 22:00:00,1.34046,1.33799,1.34852,1.32805,1.34068,1.33931,1.34878,1.32829,527098
2011-12-10 22:00:00,1.33799,1.30384,1.33806,1.2944,1.33931,1.30537,1.33931,1.29465,572524
2011-12-17 22:00:00,1.30384,1.30404,1.31981,1.29818,1.30537,1.30562,1.32006,1.29844,422073
2011-12-24 22:00:00,1.30404,1.29581,1.30822,1.2857,1.30562,1.29688,1.30851,1.28595,301722
2011-12-31 22:00:00,1.29581,1.27136,1.3076,1.26961,1.29688,1.27211,1.30781,1.26979,440503
2012-01-07 22:00:00,1.27136,1.26742,1.28772,1.26229,1.27211,1.26796,1.28797,1.26255,604087
2012-01-14 22:00:00,1.26742,1.29273,1.29853,1.26248,1.26796,1.29349,1.29877,1.26272,527276
2012-01-21 22:00:00,1.29273,1.32119,1.32327,1.28743,1.29349,1.32282,1.32357,1.28776,503054
2012-01-28 22:00:00,1.32119,1.31484,1.32234,1.3025,1.32282,1.31666,1.32305,1.30273,548494
2012-02-04 22:00:00,1.31484,1.31961,1.33212,1.30265,1.31666,1.32003,1.33228,1.30289,575528
2012-02-11 22:00:00,1.31961,1.31405,1.3283,1.29732,1.32003,1.31452,1.32853,1.29757,581109
2012-02-18 22:00:00,1.31405,1.34459,1.34853,1.31405,1.31452,1.34545,1.34874,1.31452,498571
2012-02-25 22:00:00,1.34459,1.31982,1.34844,1.3186,1.34545,1.3206,1.34869,1.31884,595577
2012-03-03 22:00:00,1.31982,1.31164,1.329,1.30953,1.3206,1.31273,1.32924,1.30977,541712
2012-03-10 21:00:00,1.31164,1.31702,1.31901,1.30027,1.31273,1.31774,1.31928,1.30055,464455
2012-03-17 21:00:00,1.31702,1.32658,1.32924,1.31323,1.31774,1.32727,1.32949,1.31352,481913
2012-03-24 21:00:00,1.32658,1.33387,1.33844,1.31908,1.32727,1.33477,1.3387,1.31933,491153
2012-03-31 21:00:00,1.33387,1.30902,1.33794,1.30339,1.33477,1.31003,1.33819,1.30366,468017
2012-04-07 21:00:00,1.30902,1.30728,1.32116,1.30315,1.31003,1.30818,1.32141,1.30348,491324
2012-04-14 21:00:00,1.30728,1.32044,1.32269,1.29937,1.30818,1.32241,1.32299,1.29963,519927
2012-04-21 21:00:00,1.32044,1.32485,1.3269,1.31034,1.32241,1.32577,1.32712,1.3106,485925
2012-04-28 21:00:00,1.32485,1.30779,1.32833,1.30778,1.32577,1.30888,1.32853,1.30817,416075
2012-05-05 21:00:00,1.30779,1.29106,1.30779,1.2904,1.30888,1.29223,1.30888,1.29065,577469
2012-05-12 21:00:00,1.29106,1.27779,1.29106,1.26412,1.29223,1.27876,1.29223,1.26437,653375
2012-05-19 21:00:00,1.27779,1.25139,1.28232,1.24948,1.27876,1.25185,1.2826,1.24976,663777
2012-05-26 21:00:00,1.25139,1.24307,1.26234,1.22866,1.25185,1.24366,1.26257,1.22894,594050
2012-06-02 21:00:00,1.24307,1.25134,1.26244,1.23846,1.24366,1.25203,1.26266,1.23872,635720
2012-06-09 21:00:00,1.25134,1.2633,1.26671,1.24414,1.25203,1.26446,1.26703,1.2444,660450
2012-06-16 21:00:00,1.2633,1.25663,1.27463,1.25183,1.26446,1.25742,1.27492,1.25208,669040
2012-06-23 21:00:00,1.25663,1.26536,1.26916,1.24062,1.25742,1.26654,1.26942,1.24086,563834
2012-06-30 21:00:00,1.26536,1.22841,1.26769,1.2259,1.26654,1.22905,1.26888,1.22616,428658
2012-07-07 21:00:00,1.22841,1.2243,1.23326,1.21611,1.22905,1.22528,1.23351,1.21637,419052
2012-07-14 21:00:00,1.2243,1.21501,1.23234,1.21432,1.22528,1.21633,1.23256,1.21457,411039
2012-07-21 21:00:00,1.21501,1.23146,1.23889,1.20411,1.21633,1.23264,1.23912,1.20435,600669
2012-07-28 21:00:00,1.23146,1.23837,1.2404,1.21326,1.23264,1.23915,1.24065,1.21348,575959
2012-08-04 21:00:00,1.23837,1.2286,1.2442,1.22403,1.23915,1.22915,1.2445,1.22428,448534
2012-08-11 21:00:00,1.2286,1.23289,1.23845,1.22547,1.22915,1.23366,1.23869,1.22573,382155
2012-08-18 21:00:00,1.23289,1.25104,1.25883,1.22942,1.23366,1.25145,1.25908,1.22968,441819
2012-08-25 21:00:00,1.25104,1.25663,1.26363,1.24642,1.25145,1.25805,1.26388,1.24669,420762
2012-09-01 21:00:00,1.25663,1.28154,1.28157,1.25005,1.25805,1.28195,1.28198,1.25031,483753
2012-09-08 21:00:00,1.28154,1.31286,1.31676,1.27535,1.28195,1.31324,1.31703,1.27561,553079
2012-09-15 21:00:00,1.31286,1.29784,1.31708,1.29183,1.31324,1.29814,1.31734,1.29207,530233
2012-09-22 21:00:00,1.29784,1.28551,1.29881,1.28274,1.29814,1.28585,1.29928,1.283,498021
2012-09-29 21:00:00,1.28551,1.3032,1.30704,1.28026,1.28585,1.30336,1.30728,1.28052,438199
2012-10-06 21:00:00,1.3032,1.29527,1.3032,1.28241,1.30336,1.29561,1.30336,1.28269,407022
2012-10-13 21:00:00,1.29527,1.30207,1.31384,1.28895,1.29561,1.30242,1.31408,1.28922,406997
2012-10-20 21:00:00,1.30207,1.29394,1.30823,1.28813,1.30242,1.29428,1.30846,1.28839,411690
2012-10-27 21:00:00,1.29394,1.28371,1.30193,1.28201,1.29428,1.28398,1.30216,1.28226,357537
2012-11-03 22:00:00,1.28371,1.27134,1.28752,1.26887,1.28398,1.27169,1.28776,1.26913,455944
2012-11-10 22:00:00,1.27134,1.27412,1.2801,1.26591,1.27169,1.27444,1.28034,1.26629,381473
2012-11-17 22:00:00,1.27412,1.29755,1.29898,1.27352,1.27444,1.29795,1.29921,1.27377,351011
2012-11-24 22:00:00,1.29755,1.29843,1.30267,1.28788,1.29795,1.29881,1.30288,1.28814,401002
2012-12-01 22:00:00,1.29843,1.2926,1.31256,1.28751,1.29881,1.29292,1.31278,1.28776,399046
2012-12-08 22:00:00,1.2926,1.31601,1.31722,1.28847,1.29292,1.31635,1.31744,1.28873,359027
2012-12-15 22:00:00,1.31601,1.31853,1.33072,1.3143,1.31635,1.31859,1.33096,1.31454,417045
2012-12-22 22:00:00,1.31853,1.32166,1.32825,1.31646,1.31859,1.32205,1.3285,1.31673,230029
2012-12-29 22:00:00,1.32166,1.30668,1.32924,1.29963,1.32205,1.30708,1.32951,1.29989,340623
2013-01-05 22:00:00,1.30668,1.33416,1.33647,1.30157,1.30708,1.33448,1.33671,1.30179,474169
2013-01-12 22:00:00,1.33416,1.33108,1.34033,1.32552,1.33448,1.33205,1.34054,1.32574,529638
2013-01-19 22:00:00,1.33108,1.34558,1.34781,1.32632,1.33205,1.34573,1.34805,1.32657,459792
2013-01-26 22:00:00,1.34558,1.36379,1.37098,1.34132,1.34573,1.36438,1.37122,1.34156,495983
2013-02-02 22:00:00,1.36379,1.33618,1.36587,1.33522,1.36438,1.33647,1.36616,1.33546,533932
2013-02-09 22:00:00,1.33618,1.33619,1.35188,1.33053,1.33647,1.33683,1.35212,1.33077,458485
2013-02-16 22:00:00,1.33619,1.31859,1.34329,1.31439,1.33683,1.31908,1.34354,1.31463,442039
2013-02-23 22:00:00,1.31859,1.30193,1.33179,1.29653,1.31908,1.30223,1.33201,1.29678,605483
2013-03-02 22:00:00,1.30193,1.29991,1.31334,1.29542,1.30223,1.30038,1.31357,1.29567,423721
2013-03-09 21:00:00,1.29991,1.30734,1.3106,1.29102,1.30038,1.30772,1.31084,1.29128,438842
2013-03-16 21:00:00,1.30734,1.29881,1.30734,1.28423,1.30772,1.29918,1.30772,1.2845,563004
2013-03-23 21:00:00,1.29881,1.28144,1.30471,1.27497,1.29918,1.28203,1.30509,1.27518,432133
2013-03-30 21:00:00,1.28144,1.29961,1.30387,1.27438,1.28203,1.29988,1.30409,1.27464,420485
2013-04-06 21:00:00,1.29961,1.31067,1.31372,1.2963,1.29988,1.31106,1.31395,1.29658,428034
2013-04-13 21:00:00,1.31067,1.30516,1.32005,1.30001,1.31106,1.3054,1.32029,1.30024,560183
2013-04-20 21:00:00,1.30516,1.30272,1.30924,1.29531,1.3054,1.30284,1.30947,1.29559,449500
2013-04-27 21:00:00,1.30272,1.3113,1.32418,1.30178,1.30284,1.3118,1.32438,1.30284,464264
2013-05-04 21:00:00,1.3113,1.29899,1.31934,1.29342,1.3118,1.29947,1.31955,1.29366,448033
2013-05-11 21:00:00,1.29899,1.28335,1.30282,1.27953,1.29947,1.28378,1.30302,1.27976,892191
2013-05-18 21:00:00,1.28335,1.29332,1.29971,1.28094,1.28378,1.29389,1.29993,1.28207,571835
2013-05-25 21:00:00,1.29332,1.29945,1.30603,1.28367,1.29389,1.29991,1.30627,1.28391,511625
2013-06-01 21:00:00,1.29945,1.32117,1.3305,1.29544,1.29991,1.32168,1.33077,1.29566,687965
2013-06-08 21:00:00,1.32117,1.33416,1.33892,1.31764,1.32168,1.3346,1.33916,1.31789,605459
2013-06-15 21:00:00,1.33416,1.31187,1.34156,1.30975,1.3346,1.31238,1.34215,1.30998,568002
2013-06-22 21:00:00,1.31187,1.30092,1.31497,1.29839,1.31238,1.3013,1.31519,1.29858,528714
2013-06-29 21:00:00,1.30092,1.28287,1.30772,1.28049,1.3013,1.28343,1.30793,1.28073,432320
2013-07-06 21:00:00,1.28287,1.30657,1.32056,1.27541,1.28343,1.30689,1.32071,1.27567,550331
2013-07-13 21:00:00,1.30657,1.31343,1.31772,1.29923,1.30689,1.31398,1.31798,1.29945,466458
2013-07-20 21:00:00,1.31343,1.32762,1.3296,1.31256,1.31398,1.32802,1.32981,1.31377,431521
2013-07-27 21:00:00,1.32762,1.32793,1.33436,1.31867,1.32802,1.32844,1.33462,1.31908,474858
2013-08-03 21:00:00,1.32793,1.33387,1.33997,1.32316,1.32844,1.33448,1.34017,1.3234,370564
2013-08-10 21:00:00,1.33387,1.33253,1.33792,1.32043,1.33448,1.33305,1.33814,1.32066,387905
2013-08-17 21:00:00,1.33253,1.33748,1.34509,1.32971,1.33305,1.33799,1.34532,1.32995,386264
2013-08-24 21:00:00,1.33748,1.322,1.33978,1.31721,1.33799,1.32262,1.34028,1.31746,351381
2013-08-31 21:00:00,1.322,1.31755,1.32335,1.31037,1.32262,1.31815,1.32405,1.31061,340444
2013-09-07 21:00:00,1.31755,1.32979,1.33237,1.31524,1.31815,1.33017,1.33259,1.31618,332759
2013-09-14 21:00:00,1.32979,1.35253,1.35676,1.32873,1.33017,1.35282,1.35698,1.33014,351067
2013-09-21 21:00:00,1.35253,1.35195,1.35635,1.34606,1.35282,1.35249,1.35657,1.34631,275970
2013-09-28 21:00:00,1.35195,1.35521,1.36453,1.34649,1.35249,1.35551,1.36475,1.34721,318110
2013-10-05 21:00:00,1.35521,1.35378,1.36061,1.34846,1.35551,1.35421,1.36085,1.3487,294115
2013-10-12 21:00:00,1.35378,1.36823,1.37029,1.34717,1.35421,1.36884,1.37053,1.3474,335661
2013-10-19 21:00:00,1.36823,1.38009,1.38314,1.36501,1.36884,1.38059,1.38335,1.36524,314778
2013-10-26 22:00:00,1.38009,1.34891,1.38167,1.34789,1.38059,1.34918,1.3819,1.34812,375430
2013-11-02 22:00:00,1.34891,1.3366,1.35466,1.3294,1.34918,1.33696,1.35489,1.32959,399650
2013-11-09 22:00:00,1.3366,1.34938,1.35044,1.33436,1.33696,1.34982,1.35066,1.3346,354709
2013-11-16 22:00:00,1.34938,1.35544,1.35788,1.33984,1.34982,1.35583,1.35838,1.34007,365854
2013-11-23 22:00:00,1.35544,1.3591,1.36205,1.3489,1.35583,1.35946,1.36229,1.34913,299508
2013-11-30 22:00:00,1.3591,1.37012,1.37052,1.35232,1.35946,1.37064,1.37077,1.35257,777185
2013-12-07 22:00:00,1.37012,1.37415,1.38096,1.36931,1.37064,1.37454,1.3812,1.36954,603823
2013-12-14 22:00:00,1.37415,1.36663,1.38107,1.36239,1.37454,1.36771,1.3813,1.36262,723050
2013-12-21 22:00:00,1.36663,1.37453,1.38924,1.36538,1.36771,1.37504,1.38955,1.36565,311289
2013-12-28 22:00:00,1.37453,1.3588,1.3818,1.35812,1.37504,1.35937,1.38202,1.35837,452087
2014-01-04 22:00:00,1.3588,1.36661,1.36863,1.35469,1.35937,1.36707,1.36886,1.35492,727347
2014-01-11 22:00:00,1.36661,1.35353,1.36983,1.35158,1.36707,1.3542,1.37008,1.35183,586178
2014-01-18 22:00:00,1.35353,1.36703,1.37383,1.35065,1.3542,1.36814,1.37408,1.35088,659227
2014-01-25 22:00:00,1.36703,1.34876,1.37155,1.34781,1.36814,1.34942,1.37179,1.34804,758345
2014-02-01 22:00:00,1.34876,1.36314,1.36428,1.3476,1.34942,1.36381,1.3648,1.34783,652937
2014-02-08 22:00:00,1.36314,1.36899,1.37138,1.35611,1.36381,1.36964,1.37161,1.35634,534889
2014-02-15 22:00:00,1.36899,1.37354,1.37722,1.36845,1.36964,1.37409,1.37743,1.36866,470569
2014-02-22 22:00:00,1.37354,1.37984,1.38238,1.3642,1.37409,1.38016,1.38261,1.36441,594027
2014-03-01 21:00:00,1.37984,1.38774,1.39141,1.37062,1.38016,1.38828,1.39162,1.37087,615356
2014-03-08 21:00:00,1.38774,1.39044,1.39657,1.38326,1.38828,1.3919,1.3968,1.3835,571303
2014-03-15 21:00:00,1.39044,1.37854,1.39466,1.3748,1.3919,1.3804,1.39491,1.37506,549818
2014-03-22 21:00:00,1.37854,1.3751,1.38749,1.37037,1.3804,1.37544,1.38773,1.37058,580328
2014-03-29 21:00:00,1.3751,1.37011,1.38193,1.36716,1.37544,1.37044,1.38215,1.36739,583931
2014-04-05 21:00:00,1.37011,1.3883,1.39048,1.3689,1.37044,1.38864,1.39071,1.36969,499836
2014-04-12 21:00:00,1.3883,1.38048,1.38637,1.37889,1.38864,1.38212,1.3866,1.37915,406522
2014-04-19 21:00:00,1.38048,1.38327,1.38536,1.37839,1.38212,1.38362,1.3856,1.37861,351328
2014-04-26 21:00:00,1.38327,1.38713,1.3888,1.37705,1.38362,1.38742,1.38904,1.37735,470759
2014-05-03 21:00:00,1.38713,1.37599,1.39927,1.37436,1.38742,1.37629,1.3995,1.37461,537118
2014-05-10 21:00:00,1.37599,1.36925,1.37738,1.36472,1.37629,1.36991,1.37762,1.36496,556346
2014-05-17 21:00:00,1.36925,1.3628,1.37331,1.36146,1.36991,1.36359,1.37355,1.36169,478041
2014-05-24 21:00:00,1.3628,1.36301,1.36675,1.3585,1.36359,1.36363,1.36699,1.35874,422992
2014-05-31 21:00:00,1.36301,1.364,1.3676,1.35018,1.36363,1.36462,1.36783,1.35042,671651
2014-06-07 21:00:00,1.364,1.35395,1.36679,1.35113,1.36462,1.35426,1.36699,1.35135,495231
2014-06-14 21:00:00,1.35395,1.35965,1.36423,1.35119,1.35426,1.36024,1.36448,1.35143,447688
2014-06-21 21:00:00,1.35965,1.36467,1.36502,1.3573,1.36024,1.36513,1.36526,1.35754,387658
2014-06-28 21:00:00,1.36467,1.35921,1.36995,1.35844,1.36513,1.35963,1.37019,1.35864,349797
2014-07-05 21:00:00,1.35921,1.36064,1.36496,1.35748,1.35963,1.36094,1.3652,1.35773,358153
2014-07-12 21:00:00,1.36064,1.35216,1.36392,1.34897,1.36094,1.35278,1.36415,1.3492,457318
2014-07-19 21:00:00,1.35216,1.3429,1.35479,1.342,1.35278,1.34321,1.35504,1.34225,370585
2014-07-26 21:00:00,1.3429,1.34268,1.34437,1.33658,1.34321,1.34347,1.34461,1.33682,465305
2014-08-02 21:00:00,1.34268,1.34078,1.34315,1.3332,1.34347,1.3414,1.34384,1.33343,446400
2014-08-09 21:00:00,1.34078,1.3397,1.34142,1.33348,1.3414,1.34032,1.34201,1.33373,392685
2014-08-16 21:00:00,1.3397,1.32383,1.3398,1.32196,1.34032,1.32467,1.34011,1.3222,439549
2014-08-23 21:00:00,1.32383,1.31307,1.32197,1.31304,1.32467,1.31337,1.32297,1.31335,473430
2014-08-30 21:00:00,1.31307,1.29498,1.31589,1.29189,1.31337,1.29553,1.31613,1.29214,565491
2014-09-06 21:00:00,1.29498,1.29568,1.29783,1.28583,1.29553,1.29714,1.29805,1.28606,741078
2014-09-13 21:00:00,1.29568,1.28234,1.29941,1.28234,1.29714,1.28301,1.29965,1.283,800052
2014-09-20 21:00:00,1.28234,1.26798,1.29001,1.26757,1.28301,1.26854,1.29024,1.26781,705953
2014-09-27 21:00:00,1.26798,1.25122,1.27137,1.24996,1.26854,1.25157,1.27163,1.25018,854950
2014-10-04 21:00:00,1.25122,1.26262,1.27903,1.25045,1.25157,1.26328,1.27928,1.25103,1077730
2014-10-11 21:00:00,1.26262,1.27579,1.28861,1.26194,1.26328,1.2763,1.28887,1.26224,1313608
2014-10-18 21:00:00,1.27579,1.26682,1.28393,1.26125,1.2763,1.26741,1.28414,1.2615,856396
2014-10-25 21:00:00,1.26682,1.25184,1.27696,1.24845,1.26741,1.25251,1.2772,1.24868,951931
2014-11-01 22:00:00,1.25184,1.2452,1.25763,1.23567,1.25251,1.24576,1.2579,1.23593,1253661
2014-11-08 22:00:00,1.2452,1.25207,1.25453,1.23931,1.24576,1.2528,1.25479,1.23955,1002917
2014-11-15 22:00:00,1.25207,1.23863,1.25993,1.23737,1.2528,1.2393,1.26022,1.23761,1167052
2014-11-22 22:00:00,1.23863,1.24489,1.25307,1.23581,1.2393,1.24561,1.25329,1.23607,892503
2014-11-29 22:00:00,1.24489,1.22849,1.25056,1.22696,1.24561,1.22887,1.2508,1.22721,1133281
2014-12-06 22:00:00,1.22849,1.24594,1.2494,1.2246,1.22887,1.24631,1.24966,1.22485,1280777
2014-12-13 22:00:00,1.24594,1.22286,1.25686,1.22188,1.24631,1.22342,1.25716,1.22216,1487324
2014-12-20 22:00:00,1.22286,1.21767,1.22714,1.21635,1.22342,1.21859,1.2274,1.21661,454577
2014-12-27 22:00:00,1.21767,1.19984,1.22199,1.1997,1.21859,1.20042,1.22227,1.20024,572328
2015-01-03 22:00:00,1.19984,1.184,1.20044,1.1753,1.20042,1.18463,1.20105,1.17555,1291123
2015-01-10 22:00:00,1.184,1.1557,1.18698,1.14582,1.18463,1.15679,1.18723,1.14614,1584480
2015-01-17 22:00:00,1.1557,1.12031,1.16785,1.11131,1.15679,1.12091,1.1683,1.11159,1458834
2015-01-24 22:00:00,1.12031,1.1276,1.14214,1.1096,1.12091,1.12946,1.14243,1.10992,1393389
2015-01-31 22:00:00,1.1276,1.13129,1.15327,1.12912,1.12946,1.13159,1.15357,1.12938,1460508
2015-02-07 22:00:00,1.13129,1.13819,1.1442,1.12691,1.13159,1.13915,1.14445,1.12716,1141627
2015-02-14 22:00:00,1.13819,1.13767,1.14491,1.12778,1.13915,1.13802,1.14516,1.128,954840
2015-02-21 22:00:00,1.13767,1.11894,1.14108,1.11746,1.13802,1.12,1.14147,1.11771,951916
2015-02-28 22:00:00,1.11894,1.08376,1.12394,1.0836,1.12,1.08476,1.12419,1.08412,983476
2015-03-07 21:00:00,1.08376,1.04878,1.09054,1.04613,1.08476,1.0505,1.09078,1.04636,1337212
2015-03-14 21:00:00,1.04878,1.08137,1.10398,1.04564,1.0505,1.08268,1.10535,1.04593,1451271
2015-03-21 21:00:00,1.08137,1.08848,1.10511,1.07662,1.08268,1.08947,1.10537,1.07688,1614440
2015-03-28 21:00:00,1.08848,1.09664,1.10259,1.07119,1.08947,1.09813,1.10285,1.07141,1180129
2015-04-04 21:00:00,1.09664,1.05981,1.10345,1.05667,1.09813,1.06058,1.1037,1.05691,1153145
2015-04-11 21:00:00,1.05981,1.07989,1.08476,1.05192,1.06058,1.08137,1.08501,1.05213,1614922
2015-04-18 21:00:00,1.07989,1.08657,1.08988,1.06587,1.08137,1.08801,1.09015,1.06612,1301943
2015-04-25 21:00:00,1.08657,1.11927,1.12889,1.08182,1.08801,1.11996,1.12929,1.08208,1504566
2015-05-02 21:00:00,1.11927,1.1208,1.13906,1.10653,1.11996,1.12156,1.13932,1.10675,1519670
2015-05-09 21:00:00,1.1208,1.14427,1.14656,1.11297,1.12156,1.14519,1.14683,1.11323,1325060
2015-05-16 21:00:00,1.14427,1.10081,1.14482,1.1001,1.14519,1.10146,1.14579,1.10035,1439210
2015-05-23 21:00:00,1.10081,1.09901,1.10084,1.0818,1.10146,1.09939,1.10119,1.08204,1331482
2015-05-30 21:00:00,1.09901,1.11073,1.13787,1.0886,1.09939,1.11217,1.13814,1.08885,1710521
2015-06-06 21:00:00,1.11073,1.12611,1.13854,1.10797,1.11217,1.12725,1.13882,1.10835,1665813
2015-06-13 21:00:00,1.12611,1.1345,1.14351,1.11878,1.12725,1.13532,1.14378,1.11906,1431688
2015-06-20 21:00:00,1.1345,1.11573,1.14092,1.11288,1.13532,1.11662,1.14117,1.11313,1275733
2015-06-27 21:00:00,1.11573,1.11083,1.1277,1.09527,1.11662,1.11207,1.128,1.09555,1472152
2015-07-04 21:00:00,1.11083,1.11539,1.12149,1.09152,1.11207,1.11662,1.12175,1.09175,1652891
2015-07-11 21:00:00,1.11539,1.08272,1.11956,1.08264,1.11662,1.08309,1.11983,1.08301,1396656
2015-07-18 21:00:00,1.08272,1.09759,1.10168,1.0807,1.08309,1.09798,1.10197,1.08102,1208416
2015-07-25 21:00:00,1.09759,1.09806,1.11283,1.08922,1.09798,1.09883,1.11307,1.08947,1319314
2015-08-01 21:00:00,1.09806,1.09622,1.09948,1.08469,1.09883,1.09706,1.09974,1.08493,1188578
2015-08-08 21:00:00,1.09622,1.1107,1.12129,1.09241,1.09706,1.11124,1.12154,1.09266,1299957
2015-08-15 21:00:00,1.1107,1.13803,1.13873,1.10159,1.11124,1.13949,1.13956,1.10184,1301103
2015-08-22 21:00:00,1.13803,1.11789,1.17129,1.11545,1.13949,1.11902,1.172,1.11571,2478836
2015-08-29 21:00:00,1.11789,1.11439,1.1331,1.10861,1.11902,1.11522,1.13335,1.10885,1545686
2015-09-05 21:00:00,1.11439,1.13352,1.13484,1.11202,1.11522,1.13412,1.13509,1.11229,1320861
2015-09-12 21:00:00,1.13352,1.12936,1.14592,1.1213,1.13412,1.13084,1.14617,1.12152,1313702
2015-09-19 21:00:00,1.12936,1.119,1.13288,1.11041,1.13084,1.12044,1.13315,1.11066,1378873
2015-09-26 21:00:00,1.119,1.12048,1.13173,1.11338,1.12044,1.12165,1.132,1.11364,1392371
2015-10-03 21:00:00,1.12048,1.13514,1.1386,1.11708,1.12165,1.13662,1.13883,1.11735,1337808
2015-10-10 21:00:00,1.13514,1.13463,1.14941,1.13331,1.13662,1.13509,1.14966,1.13357,1154853
2015-10-17 21:00:00,1.13463,1.10103,1.13859,1.09953,1.13509,1.10251,1.13884,1.09979,1295660
2015-10-24 21:00:00,1.10103,1.09998,1.10947,1.08958,1.10251,1.10144,1.10971,1.08982,1404155
2015-10-31 22:00:00,1.09998,1.07355,1.10521,1.07042,1.10144,1.07478,1.10541,1.0707,1198603
2015-11-07 22:00:00,1.07355,1.07619,1.08292,1.06731,1.07478,1.07767,1.08323,1.06756,1296925
2015-11-14 22:00:00,1.07619,1.06418,1.07619,1.06155,1.07767,1.06553,1.07642,1.06181,1304628
2015-11-21 22:00:00,1.06418,1.05882,1.06881,1.05646,1.06553,1.0602,1.06907,1.05673,1144250
2015-11-28 22:00:00,1.05882,1.08742,1.098,1.05157,1.0602,1.08828,1.09822,1.05267,1692936
2015-12-05 22:00:00,1.08742,1.09835,1.10417,1.0795,1.08828,1.09977,1.10442,1.07973,1544964
2015-12-12 22:00:00,1.09835,1.08643,1.10585,1.08015,1.09977,1.08727,1.1061,1.08039,1749828
2015-12-19 22:00:00,1.08643,1.09506,1.09829,1.08458,1.08727,1.09566,1.09855,1.08495,761655
2015-12-26 22:00:00,1.09506,1.08621,1.09914,1.08517,1.09566,1.08688,1.09937,1.08542,625545
2016-01-02 22:00:00,1.08621,1.09181,1.09452,1.07095,1.08688,1.09325,1.09477,1.0712,1551881
2016-01-09 22:00:00,1.09181,1.09057,1.09834,1.08038,1.09325,1.092,1.09859,1.08062,1614039
2016-01-16 22:00:00,1.09057,1.07913,1.09749,1.07764,1.092,1.0806,1.09773,1.07791,1592928
2016-01-23 22:00:00,1.07913,1.08281,1.09665,1.07817,1.0806,1.08341,1.0969,1.07907,1452912
2016-01-30 22:00:00,1.08281,1.11512,1.12437,1.08139,1.08341,1.11652,1.12531,1.08161,1738597
2016-02-06 22:00:00,1.11512,1.12478,1.13753,1.10854,1.11652,1.12612,1.1378,1.10877,2573856
2016-02-13 22:00:00,1.12478,1.11252,1.1248,1.10652,1.12612,1.11337,1.1256,1.1068,1537071
2016-02-20 22:00:00,1.11252,1.09238,1.11235,1.09106,1.11337,1.09373,1.11283,1.09131,1453202
2016-02-27 22:00:00,1.09238,1.10006,1.10422,1.08244,1.09373,1.10145,1.10448,1.08269,1381887
2016-03-05 22:00:00,1.10006,1.11433,1.12171,1.08206,1.10145,1.11516,1.12195,1.08228,1470942
2016-03-12 21:00:00,1.11433,1.12657,1.13414,1.10567,1.11516,1.12749,1.13439,1.10591,1407796
2016-03-19 21:00:00,1.12657,1.11585,1.12836,1.11428,1.12749,1.11728,1.12861,1.11454,904659
2016-03-26 21:00:00,1.11585,1.13893,1.14367,1.11516,1.11728,1.14007,1.14391,1.11543,1227815
2016-04-02 21:00:00,1.13893,1.13918,1.14529,1.13255,1.14007,1.14065,1.14557,1.13281,1202608
2016-04-09 21:00:00,1.13918,1.12739,1.14635,1.12326,1.14065,1.12885,1.14663,1.12353,1096772
2016-04-16 21:00:00,1.12739,1.12175,1.13977,1.12157,1.12885,1.12323,1.14011,1.12195,1081838
2016-04-23 21:00:00,1.12175,1.14442,1.14582,1.12136,1.12323,1.14571,1.14607,1.12191,1238479
2016-04-30 21:00:00,1.14442,1.13978,1.16152,1.13847,1.14571,1.14119,1.1618,1.13871,1288813
2016-05-07 21:00:00,1.13978,1.1302,1.14453,1.12818,1.14119,1.1315,1.14479,1.12843,1049478
2016-05-14 21:00:00,1.1302,1.12159,1.13475,1.11788,1.1315,1.12305,1.1351,1.11811,898437
2016-05-21 21:00:00,1.12159,1.11087,1.12416,1.11087,1.12305,1.11189,1.12446,1.11124,868309
2016-05-28 21:00:00,1.11087,1.13604,1.13723,1.10967,1.11189,1.13731,1.13758,1.10991,1053276
2016-06-04 21:00:00,1.13604,1.12453,1.14143,1.1244,1.13731,1.12598,1.14169,1.12466,1055668
2016-06-11 21:00:00,1.12453,1.12726,1.13019,1.11297,1.12598,1.1283,1.13045,1.11322,1338564
2016-06-18 21:00:00,1.12726,1.10818,1.14268,1.09104,1.1283,1.11262,1.14298,1.09141,1694082
2016-06-25 21:00:00,1.10818,1.11348,1.11682,1.09696,1.11262,1.11443,1.11709,1.09722,1554229
2016-07-02 21:00:00,1.11348,1.10468,1.1185,1.1001,1.11443,1.10535,1.11881,1.10031,1265852
2016-07-09 21:00:00,1.10468,1.10278,1.11637,1.10143,1.10535,1.10422,1.11662,1.10169,1421754
2016-07-16 21:00:00,1.10278,1.09713,1.10832,1.09543,1.10422,1.09838,1.10858,1.09568,1167745
2016-07-23 21:00:00,1.09713,1.11662,1.11965,1.09508,1.09838,1.11797,1.11992,1.09534,1151246
2016-07-30 21:00:00,1.11662,1.1082,1.12326,1.10446,1.11797,1.10945,1.12351,1.1047,957436
2016-08-06 21:00:00,1.1082,1.11564,1.12202,1.10692,1.10945,1.11708,1.12228,1.10719,834704
2016-08-13 21:00:00,1.11564,1.13177,1.13652,1.11521,1.11708,1.13326,1.13677,1.11548,1078868
2016-08-20 21:00:00,1.13177,1.11916,1.13542,1.11791,1.13326,1.11982,1.13565,1.11819,1030641
2016-08-27 21:00:00,1.11916,1.11508,1.12514,1.1122,1.11982,1.11582,1.12539,1.11244,1121163
2016-09-03 21:00:00,1.11508,1.12291,1.13259,1.1138,1.11582,1.12344,1.13286,1.11404,1112949
2016-09-10 21:00:00,1.12291,1.11488,1.12831,1.11484,1.12344,1.11612,1.12866,1.11504,1227000
2016-09-17 21:00:00,1.11488,1.12213,1.12561,1.11218,1.11612,1.12305,1.12586,1.11242,1071409
2016-09-24 21:00:00,1.12213,1.12328,1.12782,1.11522,1.12305,1.12452,1.12803,1.11546,1152253
2016-10-01 21:00:00,1.12328,1.11953,1.12436,1.11031,1.12452,1.12054,1.1247,1.11057,1228616
2016-10-08 21:00:00,1.11953,1.09698,1.12018,1.09694,1.12054,1.0974,1.12062,1.09719,1062330
2016-10-15 21:00:00,1.09698,1.08818,1.10381,1.08581,1.0974,1.08884,1.1041,1.08607,917863
2016-10-22 21:00:00,1.08818,1.09803,1.09906,1.08498,1.08884,1.09918,1.09951,1.08523,1019631
2016-10-29 21:00:00,1.09803,1.11376,1.11409,1.09348,1.09918,1.11436,1.11439,1.09371,1274540
2016-11-05 22:00:00,1.11376,1.08527,1.12983,1.08292,1.11436,1.08633,1.13012,1.08317,2068883
2016-11-12 22:00:00,1.08527,1.05827,1.08391,1.0568,1.08633,1.05922,1.08432,1.05706,2059747
2016-11-19 22:00:00,1.05827,1.05896,1.06567,1.05169,1.05922,1.06001,1.06592,1.05194,1843919
2016-11-26 22:00:00,1.05896,1.06574,1.06888,1.05512,1.06001,1.06702,1.06915,1.05539,1986410
2016-12-03 22:00:00,1.06574,1.05529,1.08723,1.05036,1.06702,1.05642,1.08758,1.05079,1649321
2016-12-10 22:00:00,1.05529,1.04504,1.0669,1.03653,1.05642,1.04594,1.06714,1.03678,1867482
2016-12-17 22:00:00,1.04504,1.04478,1.04985,1.03511,1.04594,1.04612,1.0501,1.03535,1403833
2016-12-24 22:00:00,1.04478,1.05163,1.06531,1.0371,1.04612,1.05306,1.06618,1.03735,1341756
2016-12-31 22:00:00,1.05163,1.05308,1.06209,1.03391,1.05306,1.05383,1.06252,1.03417,1769058
2017-01-07 22:00:00,1.05308,1.06388,1.06835,1.04528,1.05383,1.06512,1.06861,1.04552,1979724
2017-01-14 22:00:00,1.06388,1.06973,1.07185,1.05779,1.06512,1.07082,1.07207,1.05804,1788535
2017-01-21 22:00:00,1.06973,1.06893,1.0774,1.06565,1.07082,1.07021,1.07763,1.06589,1532063
2017-01-28 22:00:00,1.06893,1.07838,1.08277,1.06191,1.07021,1.07922,1.08301,1.06214,1658856
2017-02-04 22:00:00,1.07838,1.06342,1.08004,1.06064,1.07922,1.0648,1.08061,1.06089,1169307
2017-02-11 22:00:00,1.06342,1.06072,1.06782,1.05201,1.0648,1.06143,1.06807,1.05227,1536927
2017-02-18 22:00:00,1.06072,1.05586,1.06318,1.04925,1.06143,1.05645,1.06345,1.04948,1499216
2017-02-25 22:00:00,1.05586,1.06203,1.06295,1.04937,1.05645,1.06248,1.06326,1.04961,1697283
2017-03-04 21:00:00,1.06203,1.06695,1.0698,1.0524,1.06248,1.06797,1.07004,1.05263,1505409
2017-03-11 21:00:00,1.06695,1.07369,1.07813,1.05986,1.06797,1.0742,1.07838,1.06011,1566498
2017-03-18 21:00:00,1.07369,1.07951,1.08235,1.07178,1.0742,1.08018,1.08261,1.07204,1395649
2017-03-25 21:00:00,1.07951,1.06557,1.09047,1.06501,1.08018,1.06612,1.09077,1.06529,1208747
2017-04-01 21:00:00,1.06557,1.05881,1.0688,1.05793,1.06612,1.05932,1.06903,1.05818,1110251
2017-04-08 21:00:00,1.05881,1.06013,1.06766,1.05683,1.05932,1.06156,1.06789,1.05711,838498
2017-04-15 21:00:00,1.06013,1.07235,1.07764,1.06015,1.06156,1.07275,1.07788,1.06046,882150
2017-04-22 21:00:00,1.07235,1.08966,1.09498,1.08197,1.07275,1.09008,1.09521,1.0822,1246431
2017-04-29 21:00:00,1.08966,1.0997,1.09979,1.08737,1.09008,1.10019,1.10027,1.08762,932737
2017-05-06 21:00:00,1.0997,1.09303,1.10213,1.0838,1.10019,1.09354,1.10254,1.08403,1054831
2017-05-13 21:00:00,1.09303,1.12061,1.12107,1.09209,1.09354,1.12093,1.12131,1.0924,1453918
2017-05-20 21:00:00,1.12061,1.11778,1.12669,1.11591,1.12093,1.11814,1.12704,1.11619,1414729
2017-05-27 21:00:00,1.11778,1.12792,1.1284,1.11081,1.11814,1.12829,1.12871,1.11106,1195137
2017-06-03 21:00:00,1.12792,1.11941,1.12834,1.11652,1.12829,1.11989,1.12878,1.11676,1322866
2017-06-10 21:00:00,1.11941,1.11945,1.12947,1.1131,1.11989,1.1199,1.12971,1.11333,1353104
2017-06-17 21:00:00,1.11945,1.11911,1.12118,1.11178,1.1199,1.11946,1.12176,1.11201,1025242
2017-06-24 21:00:00,1.11911,1.14162,1.14445,1.11707,1.11946,1.14254,1.14467,1.1173,1653435
2017-07-01 21:00:00,1.14162,1.13992,1.14389,1.13112,1.14254,1.14027,1.14412,1.13137,1268181
2017-07-08 21:00:00,1.13992,1.14642,1.14885,1.13694,1.14027,1.14702,1.14909,1.13715,1298276
2017-07-15 21:00:00,1.14642,1.16622,1.16817,1.14336,1.14702,1.16658,1.16843,1.1436,1490845
2017-07-22 21:00:00,1.16622,1.17481,1.17757,1.16115,1.16658,1.17513,1.17782,1.16139,1606614
2017-07-29 21:00:00,1.17481,1.1772,1.19092,1.17221,1.17513,1.17757,1.19121,1.17244,1459153
2017-08-05 21:00:00,1.1772,1.18199,1.18465,1.16876,1.17757,1.18233,1.18491,1.16903,1392089
2017-08-12 21:00:00,1.18199,1.17576,1.18375,1.1661,1.18233,1.17613,1.18397,1.16634,1654052
2017-08-19 21:00:00,1.17576,1.19185,1.19406,1.17298,1.17613,1.1924,1.19431,1.17323,1335253
2017-08-26 21:00:00,1.19185,1.18602,1.20693,1.18219,1.1924,1.1864,1.20716,1.18242,1712259
2017-09-02 21:00:00,1.18602,1.20338,1.20913,1.18518,1.1864,1.20421,1.20937,1.18551,1629061
2017-09-09 21:00:00,1.20338,1.19394,1.20285,1.18361,1.20421,1.19478,1.20312,1.18385,1525197
2017-09-16 21:00:00,1.19394,1.19463,1.20332,1.18601,1.19478,1.19489,1.20375,1.18625,1440292
2017-09-23 21:00:00,1.19463,1.18108,1.19354,1.1716,1.19489,1.18197,1.19378,1.17181,1211483
2017-09-30 21:00:00,1.18108,1.17324,1.1814,1.1668,1.18197,1.17379,1.1817,1.16705,999937
2017-10-07 21:00:00,1.17324,1.18165,1.18792,1.17145,1.17379,1.18261,1.1881,1.17203,882788
2017-10-14 21:00:00,1.18165,1.17762,1.1857,1.17291,1.18261,1.17833,1.18592,1.17313,1042440
2017-10-21 21:00:00,1.17762,1.16044,1.18358,1.15731,1.17833,1.16138,1.1838,1.1575,1289954
2017-10-28 22:00:00,1.16044,1.16062,1.16907,1.15926,1.16138,1.16122,1.16974,1.15951,1085212
2017-11-04 22:00:00,1.16062,1.16616,1.16768,1.15528,1.16122,1.16676,1.16791,1.15549,928205
2017-11-11 22:00:00,1.16616,1.17863,1.186,1.16363,1.16676,1.17959,1.18621,1.16387,1000023
2017-11-18 22:00:00,1.17863,1.19279,1.19432,1.17118,1.17959,1.19379,1.19455,1.17139,863671
2017-11-25 22:00:00,1.19279,1.18936,1.19601,1.18077,1.19379,1.19031,1.19624,1.18101,1260027
2017-12-02 22:00:00,1.18936,1.17683,1.18775,1.1729,1.19031,1.17783,1.18798,1.17312,974914
2017-12-09 22:00:00,1.17683,1.17454,1.18617,1.17165,1.17783,1.17554,1.18638,1.17187,970249
2017-12-16 22:00:00,1.17454,1.18578,1.19007,1.17358,1.17554,1.18678,1.19029,1.17396,875928
2017-12-23 22:00:00,1.18578,1.20038,1.20244,1.18455,1.18678,1.20103,1.20267,1.18478,495393
2017-12-30 22:00:00,1.20038,1.20263,1.2088,1.19917,1.20103,1.20363,1.20902,1.20005,699015
2018-01-06 22:00:00,1.20263,1.22021,1.22178,1.19144,1.20363,1.22099,1.22207,1.19166,1242348
2018-01-13 22:00:00,1.22021,1.22133,1.23221,1.21639,1.22099,1.22205,1.23244,1.21666,1577384
2018-01-20 22:00:00,1.22133,1.24277,1.25369,1.22127,1.22205,1.24339,1.25392,1.22152,2066664
2018-01-27 22:00:00,1.24277,1.24542,1.25219,1.23338,1.24339,1.24604,1.2524,1.23358,1929920
2018-02-03 22:00:00,1.24542,1.22484,1.24739,1.22045,1.24604,1.22563,1.2476,1.22069,2185217
2018-02-10 22:00:00,1.22484,1.24081,1.25547,1.22339,1.22563,1.24141,1.25566,1.22362,1529154
2018-02-17 22:00:00,1.24081,1.22922,1.24341,1.22586,1.24141,1.22998,1.24366,1.22604,1284043
2018-02-24 22:00:00,1.22922,1.23149,1.23541,1.21534,1.22998,1.23225,1.23565,1.21556,1395846
2018-03-03 21:00:00,1.23149,1.23023,1.2445,1.2268,1.23225,1.23097,1.24475,1.22702,1447744
2018-03-10 21:00:00,1.23023,1.22868,1.24116,1.2259,1.23097,1.22916,1.24139,1.22613,1259430
2018-03-17 21:00:00,1.22868,1.23519,1.23874,1.22385,1.22916,1.23553,1.23897,1.22407,1456278
2018-03-24 21:00:00,1.23519,1.23198,1.24752,1.22828,1.23553,1.2327,1.24777,1.22851,1036724
2018-03-31 21:00:00,1.23198,1.2278,1.23439,1.22145,1.2327,1.22844,1.23462,1.2217,1042898
2018-04-07 21:00:00,1.2278,1.23281,1.23953,1.22591,1.22844,1.23345,1.23995,1.22617,1166129
2018-04-14 21:00:00,1.23281,1.22844,1.24126,1.22483,1.23345,1.22908,1.2415,1.2251,1033156
2018-04-21 21:00:00,1.22844,1.21252,1.22883,1.20544,1.22908,1.2133,1.22907,1.20566,1218669
2018-04-28 21:00:00,1.21252,1.19585,1.21377,1.19093,1.2133,1.19653,1.214,1.19116,1452098
2018-05-05 21:00:00,1.19585,1.19372,1.19769,1.18213,1.19653,1.1945,1.19793,1.18239,1493693
2018-05-12 21:00:00,1.19372,1.17674,1.1995,1.17486,1.1945,1.17754,1.19974,1.17509,1453807
2018-05-19 21:00:00,1.17674,1.16469,1.18287,1.16447,1.17754,1.16529,1.1831,1.16473,1479860
2018-05-26 21:00:00,1.16469,1.16561,1.17273,1.15091,1.16529,1.16625,1.17297,1.15113,1784728
2018-06-02 21:00:00,1.16561,1.17656,1.18388,1.16513,1.16625,1.17718,1.18411,1.16538,1321672
2018-06-09 21:00:00,1.17656,1.16048,1.18512,1.15421,1.17718,1.16108,1.18535,1.15444,1520300
2018-06-16 21:00:00,1.16048,1.16541,1.16739,1.15069,1.16108,1.16604,1.16763,1.15094,1544644
2018-06-23 21:00:00,1.16541,1.16805,1.17195,1.15261,1.16604,1.16872,1.17218,1.15284,1964294
2018-06-30 21:00:00,1.16805,1.17412,1.17662,1.15903,1.16872,1.17466,1.17686,1.15924,1475848
2018-07-07 21:00:00,1.17412,1.16831,1.17897,1.16119,1.17466,1.16879,1.1792,1.16142,1644748
2018-07-14 21:00:00,1.16831,1.17177,1.17436,1.15739,1.16879,1.1725,1.17459,1.15761,1739590
2018-07-21 21:00:00,1.17177,1.16524,1.17498,1.16193,1.1725,1.16591,1.17517,1.16217,1529902
2018-07-28 21:00:00,1.16524,1.15646,1.17459,1.1559,1.16591,1.1572,1.1747,1.15613,1332853
2018-08-04 21:00:00,1.15646,1.141,1.16271,1.1387,1.1572,1.14162,1.16295,1.13892,1396281
2018-08-11 21:00:00,1.141,1.14351,1.14438,1.12999,1.14162,1.14427,1.14461,1.13022,1928736
2018-08-18 21:00:00,1.14351,1.16183,1.16389,1.13933,1.14427,1.16249,1.1641,1.13956,1660136
2018-08-25 21:00:00,1.16183,1.15995,1.17324,1.15835,1.16249,1.16063,1.17349,1.15858,1749261
2018-09-01 21:00:00,1.15995,1.15504,1.16583,1.1529,1.16063,1.15564,1.16604,1.15314,1698417
2018-09-08 21:00:00,1.15504,1.16201,1.17205,1.15246,1.15564,1.16252,1.17229,1.15268,1461042
2018-09-15 21:00:00,1.16201,1.17455,1.18017,1.16141,1.16252,1.17516,1.1804,1.16192,1557018
2018-09-22 21:00:00,1.17455,1.16017,1.18142,1.15686,1.17516,1.16059,1.18164,1.15707,1685040
2018-09-29 21:00:00,1.16017,1.15182,1.16267,1.14623,1.16059,1.15213,1.16296,1.14646,1764050
2018-10-06 21:00:00,1.15182,1.15562,1.16093,1.14311,1.15213,1.15621,1.16117,1.14334,1896796
2018-10-13 21:00:00,1.15562,1.15117,1.16206,1.14318,1.15621,1.1516,1.16227,1.14342,1713869
2018-10-20 21:00:00,1.15117,1.14023,1.15493,1.13345,1.1516,1.14062,1.15514,1.13369,1859304
2018-10-27 22:00:00,1.14023,1.1386,1.14548,1.1301,1.14062,1.13902,1.14571,1.13033,1627056
2018-11-03 22:00:00,1.1386,1.1334,1.14989,1.13151,1.13902,1.13371,1.1501,1.13175,1795643
2018-11-10 22:00:00,1.1334,1.1415,1.14192,1.12144,1.13371,1.14194,1.14223,1.12168,2042887
2018-11-17 22:00:00,1.1415,1.13346,1.14713,1.13259,1.14194,1.13414,1.14736,1.13294,1501399
2018-11-24 22:00:00,1.13346,1.1317,1.14007,1.1266,1.13414,1.13228,1.14029,1.12683,1655248
2018-12-01 22:00:00,1.1317,1.13919,1.14226,1.13098,1.13228,1.13974,1.1425,1.13122,1660934
2018-12-08 22:00:00,1.13919,1.13021,1.14416,1.12687,1.13974,1.13077,1.1444,1.1271,1779096
2018-12-15 22:00:00,1.13021,1.13684,1.14847,1.12987,1.13077,1.13733,1.14872,1.13027,1744810
2018-12-22 22:00:00,1.13684,1.14392,1.14717,1.13417,1.13733,1.14459,1.1474,1.13443,1194570
2018-12-29 22:00:00,1.14392,1.13958,1.14957,1.13053,1.14459,1.14003,1.1498,1.13108,1456701
2019-01-05 22:00:00,1.13958,1.14672,1.15687,1.13938,1.14003,1.14727,1.15711,1.13986,1655917
2019-01-12 22:00:00,1.14672,1.13606,1.14886,1.13521,1.14727,1.13667,1.1491,1.13545,1570321
2019-01-19 22:00:00,1.13606,1.14047,1.14165,1.12882,1.13667,1.14099,1.1419,1.12906,1507914
2019-01-26 22:00:00,1.14047,1.14529,1.15132,1.1389,1.14099,1.1458,1.15156,1.13913,1648248
2019-02-02 22:00:00,1.14529,1.13192,1.14593,1.13192,1.1458,1.13246,1.14616,1.13223,1176718
2019-02-09 22:00:00,1.13192,1.12898,1.13405,1.12329,1.13246,1.12947,1.13428,1.12353,1252418
2019-02-16 22:00:00,1.12898,1.13296,1.13701,1.12744,1.12947,1.1337,1.13724,1.12768,1258811
2019-02-23 22:00:00,1.13296,1.13617,1.14185,1.13258,1.1337,1.13683,1.14208,1.13305,1369241
2019-03-02 22:00:00,1.13617,1.12305,1.13877,1.1175,1.13683,1.12384,1.13919,1.11775,1339060
2019-03-09 21:00:00,1.12305,1.1323,1.13433,1.12206,1.12384,1.13268,1.13456,1.12229,1264297
2019-03-16 21:00:00,1.1323,1.12988,1.14471,1.12721,1.13268,1.13031,1.14495,1.12744,1390083
2019-03-23 21:00:00,1.12988,1.12161,1.13305,1.12087,1.13031,1.12196,1.13327,1.12109,1448904
2019-03-30 21:00:00,1.12161,1.12135,1.12536,1.11826,1.12196,1.12172,1.12559,1.11848,1130357
2019-04-06 21:00:00,1.12135,1.12975,1.13228,1.12097,1.12172,1.13008,1.13251,1.12145,960383
2019-04-13 21:00:00,1.12975,1.12389,1.13226,1.1225,1.13008,1.12465,1.1325,1.12274,929428
2019-04-20 21:00:00,1.12389,1.11381,1.12609,1.11086,1.12465,1.11458,1.12633,1.11117,997926
2019-04-27 21:00:00,1.11381,1.11997,1.12638,1.11339,1.11458,1.12042,1.1266,1.11364,999684
2019-05-04 21:00:00,1.11997,1.1231,1.12525,1.1154,1.12042,1.12368,1.12548,1.1159,1140884
2019-05-11 21:00:00,1.1231,1.11555,1.12624,1.11541,1.12368,1.11589,1.12647,1.11563,925423
2019-05-18 21:00:00,1.11555,1.12028,1.1211,1.11059,1.11589,1.12067,1.12133,1.11081,796634
2019-05-25 21:00:00,1.12028,1.11676,1.12142,1.1115,1.12067,1.11709,1.12163,1.11171,726147
2019-06-01 21:00:00,1.11676,1.13306,1.13469,1.11509,1.11709,1.13348,1.13488,1.11587,1210259
2019-06-08 21:00:00,1.13306,1.12059,1.13425,1.12014,1.13348,1.12134,1.13446,1.12036,854698
2019-06-15 21:00:00,1.12059,1.13679,1.13768,1.11803,1.12134,1.13711,1.1379,1.11825,1226014
2019-06-22 21:00:00,1.13679,1.13666,1.14112,1.13431,1.13711,1.13732,1.14132,1.13453,1071509
2019-06-29 21:00:00,1.13666,1.12232,1.13701,1.12063,1.13732,1.12284,1.13723,1.12085,815556
2019-07-06 21:00:00,1.12232,1.12688,1.1285,1.11923,1.12284,1.12731,1.12869,1.11944,797845
2019-07-13 21:00:00,1.12688,1.1219,1.12829,1.11987,1.12731,1.12233,1.1285,1.12008,797156
2019-07-20 21:00:00,1.1219,1.11235,1.12245,1.11003,1.12233,1.11304,1.12266,1.11024,834618
2019-07-27 21:00:00,1.11235,1.1105,1.11611,1.10259,1.11304,1.11127,1.11632,1.1028,1186502
2019-08-03 21:00:00,1.1105,1.11969,1.12486,1.11034,1.11127,1.12019,1.12507,1.11055,1268743
2019-08-10 21:00:00,1.11969,1.10884,1.12298,1.10653,1.12019,1.10936,1.12319,1.10674,1188198
2019-08-17 21:00:00,1.10884,1.11363,1.11523,1.10508,1.10936,1.11438,1.11543,1.10528,882851
2019-08-24 21:00:00,1.11363,1.09865,1.11628,1.0962,1.11438,1.09936,1.11658,1.09641,1092386
2019-08-31 21:00:00,1.09865,1.10239,1.10838,1.09249,1.09936,1.10293,1.10858,1.09271,933196
2019-09-07 21:00:00,1.10239,1.1071,1.11086,1.0926,1.10293,1.10784,1.11107,1.09279,969253
2019-09-14 21:00:00,1.1071,1.10161,1.10858,1.09893,1.10784,1.10235,1.10915,1.09914,969327
2019-09-21 21:00:00,1.10161,1.09394,1.10245,1.09037,1.10235,1.09434,1.10266,1.09059,901298
2019-09-28 21:00:00,1.09394,1.09755,1.09984,1.08781,1.09434,1.0982,1.10014,1.08802,913307
2019-10-05 21:00:00,1.09755,1.10343,1.10618,1.09399,1.0982,1.10421,1.10639,1.09421,945408
2019-10-12 21:00:00,1.10343,1.11686,1.11709,1.09903,1.10421,1.11732,1.11738,1.09925,925908
2019-10-19 21:00:00,1.11686,1.1078,1.11785,1.10719,1.11732,1.10826,1.11806,1.10742,719574
2019-10-26 21:00:00,1.1078,1.11636,1.11748,1.10726,1.10826,1.11674,1.11768,1.10745,778713
2019-11-02 22:00:00,1.11636,1.10168,1.11745,1.10156,1.11674,1.10215,1.11766,1.10177,776556
2019-11-09 22:00:00,1.10168,1.10482,1.10558,1.09881,1.10215,1.10546,1.1058,1.09902,662226
2019-11-16 22:00:00,1.10482,1.10171,1.1096,1.10135,1.10546,1.1022,1.10981,1.10155,688957
2019-11-23 22:00:00,1.10171,1.10144,1.10312,1.09802,1.1022,1.10216,1.10333,1.09822,539480
2019-11-30 22:00:00,1.10144,1.10591,1.11152,1.10019,1.10216,1.10637,1.11173,1.1004,666632
2019-12-07 22:00:00,1.10591,1.11174,1.11986,1.10524,1.10637,1.11231,1.1201,1.10544,842340
2019-12-14 22:00:00,1.11174,1.10743,1.11737,1.10653,1.11231,1.10816,1.11758,1.10673,654708
2019-12-21 22:00:00,1.10743,1.11746,1.11873,1.10682,1.10816,1.11792,1.1189,1.10703,386447
2019-12-28 22:00:00,1.11746,1.1155,1.12383,1.1124,1.11792,1.1162,1.12404,1.1126,584728
2020-01-04 22:00:00,1.1155,1.11165,1.12045,1.10841,1.1162,1.1124,1.12066,1.10861,826216
2020-01-11 22:00:00,1.11165,1.10873,1.11718,1.10853,1.1124,1.10919,1.11739,1.10873,625770
2020-01-18 22:00:00,1.10873,1.10229,1.1117,1.10188,1.10919,1.1028,1.11191,1.10206,668654
2020-01-25 22:00:00,1.10229,1.10938,1.10945,1.09913,1.1028,1.10973,1.10973,1.09934,671145
2020-02-08 22:00:00,1.09428,1.08285,1.09566,1.08263,1.09487,1.08331,1.09586,1.08284,611743
2020-02-15 22:00:00,1.08285,1.08465,1.08626,1.07769,1.08331,1.08533,1.08645,1.0779,864268
2020-02-22 22:00:00,1.08284,1.09645,1.09669,1.08039,1.08342,1.09666,1.09689,1.08061,871590
2020-02-28 21:00:00,1.08624,1.1024,1.10522,1.08591,1.08646,1.10305,1.10541,1.08612,843693
